3;17;001;08;10;16;35;0566;00000030;04000;3284;00000005;01667;3285;00000005;01667;3286;00000005;01667;3287;00000005;01667;3288;00000005;01667;3289;00000005;01667;0000;00000000;00000;0000;00000000;00000;0000;00000000;00000;0000;00000000;00000;0000;00000000;00000;0000;00000000;00000;0000;00000000;00000;0000;00000000;00000;0000;00000000;00000;0000;00000000;00000;0000;00000000;00000;0000;00000000;00000;0000;00000000;00000;0000;00000000;00000;0000;00000000;00000;0000;00000000;00000;
3;17;001;08;10;16;35;0520;00000010;01333;3175;00000005;05000;3176;00000005;05000;0000;00000000;00000;0000;00000000;00000;0000;00000000;00000;0000;00000000;00000;0000;00000000;00000;0000;00000000;00000;0000;00000000;00000;0000;00000000;00000;0000;00000000;00000;0000;00000000;00000;0000;00000000;00000;0000;00000000;00000;0000;00000000;00000;0000;00000000;00000;0000;00000000;00000;0000;00000000;00000;0000;00000000;00000;0000;00000000;00000;0000;00000000;00000;0000;00000000;00000;
3;17;001;08;10;16;35;0038;00000005;00667;3026;00000005;10000;0000;00000000;00000;0000;00000000;00000;0000;00000000;00000;0000;00000000;00000;0000;00000000;00000;0000;00000000;00000;0000;00000000;00000;0000;00000000;00000;0000;00000000;00000;0000;00000000;00000;0000;00000000;00000;0000;00000000;00000;0000;00000000;00000;0000;00000000;00000;0000;00000000;00000;0000;00000000;00000;0000;00000000;00000;0000;00000000;00000;0000;00000000;00000;0000;00000000;00000;0000;00000000;00000;
3;17;001;08;10;16;35;0082;00000005;00667;3051;00000005;10000;0000;00000000;00000;0000;00000000;00000;0000;00000000;00000;0000;00000000;00000;0000;00000000;00000;0000;00000000;00000;0000;00000000;00000;0000;00000000;00000;0000;00000000;00000;0000;00000000;00000;0000;00000000;00000;0000;00000000;00000;0000;00000000;00000;0000;00000000;00000;0000;00000000;00000;0000;00000000;00000;0000;00000000;00000;0000;00000000;00000;0000;00000000;00000;0000;00000000;00000;0000;00000000;00000;
3;17;001;08;10;16;35;0203;00000005;00667;3103;00000005;10000;0000;00000000;00000;0000;00000000;00000;0000;00000000;00000;0000;00000000;00000;0000;00000000;00000;0000;00000000;00000;0000;00000000;00000;0000;00000000;00000;0000;00000000;00000;0000;00000000;00000;0000;00000000;00000;0000;00000000;00000;0000;00000000;00000;0000;00000000;00000;0000;00000000;00000;0000;00000000;00000;0000;00000000;00000;0000;00000000;00000;0000;00000000;00000;0000;00000000;00000;0000;00000000;00000;
3;17;001;08;10;16;35;0553;00000005;00667;3262;00000005;10000;0000;00000000;00000;0000;00000000;00000;0000;00000000;00000;0000;00000000;00000;0000;00000000;00000;0000;00000000;00000;0000;00000000;00000;0000;00000000;00000;0000;00000000;00000;0000;00000000;00000;0000;00000000;00000;0000;00000000;00000;0000;00000000;00000;0000;00000000;00000;0000;00000000;00000;0000;00000000;00000;0000;00000000;00000;0000;00000000;00000;0000;00000000;00000;0000;00000000;00000;0000;00000000;00000;
3;17;001;08;10;16;35;0503;00000005;00667;3157;00000005;10000;0000;00000000;00000;0000;00000000;00000;0000;00000000;00000;0000;00000000;00000;0000;00000000;00000;0000;00000000;00000;0000;00000000;00000;0000;00000000;00000;0000;00000000;00000;0000;00000000;00000;0000;00000000;00000;0000;00000000;00000;0000;00000000;00000;0000;00000000;00000;0000;00000000;00000;0000;00000000;00000;0000;00000000;00000;0000;00000000;00000;0000;00000000;00000;0000;00000000;00000;0000;00000000;00000;
3;17;001;08;10;16;35;0539;00000005;00667;3215;00000005;10000;0000;00000000;00000;0000;00000000;00000;0000;00000000;00000;0000;00000000;00000;0000;00000000;00000;0000;00000000;00000;0000;00000000;00000;0000;00000000;00000;0000;00000000;00000;0000;00000000;00000;0000;00000000;00000;0000;00000000;00000;0000;00000000;00000;0000;00000000;00000;0000;00000000;00000;0000;00000000;00000;0000;00000000;00000;0000;00000000;00000;0000;00000000;00000;0000;00000000;00000;0000;00000000;00000;
3;17;002;08;10;16;35;0566;00000030;04000;3284;00000005;01667;3285;00000005;01667;3286;00000005;01667;3287;00000005;01667;3288;00000005;01667;3289;00000005;01667;0000;00000000;00000;0000;00000000;00000;0000;00000000;00000;0000;00000000;00000;0000;00000000;00000;0000;00000000;00000;0000;00000000;00000;0000;00000000;00000;0000;00000000;00000;0000;00000000;00000;0000;00000000;00000;0000;00000000;00000;0000;00000000;00000;0000;00000000;00000;0000;00000000;00000;0000;00000000;00000;
3;17;002;08;10;16;35;0520;00000010;01333;3175;00000005;05000;3176;00000005;05000;0000;00000000;00000;0000;00000000;00000;0000;00000000;00000;0000;00000000;00000;0000;00000000;00000;0000;00000000;00000;0000;00000000;00000;0000;00000000;00000;0000;00000000;00000;0000;00000000;00000;0000;00000000;00000;0000;00000000;00000;0000;00000000;00000;0000;00000000;00000;0000;00000000;00000;0000;00000000;00000;0000;00000000;00000;0000;00000000;00000;0000;00000000;00000;0000;00000000;00000;
3;17;002;08;10;16;35;0038;00000005;00667;3026;00000005;10000;0000;00000000;00000;0000;00000000;00000;0000;00000000;00000;0000;00000000;00000;0000;00000000;00000;0000;00000000;00000;0000;00000000;00000;0000;00000000;00000;0000;00000000;00000;0000;00000000;00000;0000;00000000;00000;0000;00000000;00000;0000;00000000;00000;0000;00000000;00000;0000;00000000;00000;0000;00000000;00000;0000;00000000;00000;0000;00000000;00000;0000;00000000;00000;0000;00000000;00000;0000;00000000;00000;
3;17;002;08;10;16;35;0082;00000005;00667;3051;00000005;10000;0000;00000000;00000;0000;00000000;00000;0000;00000000;00000;0000;00000000;00000;0000;00000000;00000;0000;00000000;00000;0000;00000000;00000;0000;00000000;00000;0000;00000000;00000;0000;00000000;00000;0000;00000000;00000;0000;00000000;00000;0000;00000000;00000;0000;00000000;00000;0000;00000000;00000;0000;00000000;00000;0000;00000000;00000;0000;00000000;00000;0000;00000000;00000;0000;00000000;00000;0000;00000000;00000;
3;17;002;08;10;16;35;0203;00000005;00667;3103;00000005;10000;0000;00000000;00000;0000;00000000;00000;0000;00000000;00000;0000;00000000;00000;0000;00000000;00000;0000;00000000;00000;0000;00000000;00000;0000;00000000;00000;0000;00000000;00000;0000;00000000;00000;0000;00000000;00000;0000;00000000;00000;0000;00000000;00000;0000;00000000;00000;0000;00000000;00000;0000;00000000;00000;0000;00000000;00000;0000;00000000;00000;0000;00000000;00000;0000;00000000;00000;0000;00000000;00000;
3;17;002;08;10;16;35;0553;00000005;00667;3262;00000005;10000;0000;00000000;00000;0000;00000000;00000;0000;00000000;00000;0000;00000000;00000;0000;00000000;00000;0000;00000000;00000;0000;00000000;00000;0000;00000000;00000;0000;00000000;00000;0000;00000000;00000;0000;00000000;00000;0000;00000000;00000;0000;00000000;00000;0000;00000000;00000;0000;00000000;00000;0000;00000000;00000;0000;00000000;00000;0000;00000000;00000;0000;00000000;00000;0000;00000000;00000;0000;00000000;00000;
3;17;002;08;10;16;35;0503;00000005;00667;3157;00000005;10000;0000;00000000;00000;0000;00000000;00000;0000;00000000;00000;0000;00000000;00000;0000;00000000;00000;0000;00000000;00000;0000;00000000;00000;0000;00000000;00000;0000;00000000;00000;0000;00000000;00000;0000;00000000;00000;0000;00000000;00000;0000;00000000;00000;0000;00000000;00000;0000;00000000;00000;0000;00000000;00000;0000;00000000;00000;0000;00000000;00000;0000;00000000;00000;0000;00000000;00000;0000;00000000;00000;
3;17;002;08;10;16;35;0539;00000005;00667;3215;00000005;10000;0000;00000000;00000;0000;00000000;00000;0000;00000000;00000;0000;00000000;00000;0000;00000000;00000;0000;00000000;00000;0000;00000000;00000;0000;00000000;00000;0000;00000000;00000;0000;00000000;00000;0000;00000000;00000;0000;00000000;00000;0000;00000000;00000;0000;00000000;00000;0000;00000000;00000;0000;00000000;00000;0000;00000000;00000;0000;00000000;00000;0000;00000000;00000;0000;00000000;00000;0000;00000000;00000;
3;17;003;08;10;16;35;0566;00000036;04000;3284;00000006;01667;3285;00000006;01667;3286;00000006;01667;3287;00000006;01667;3288;00000006;01667;3289;00000006;01667;0000;00000000;00000;0000;00000000;00000;0000;00000000;00000;0000;00000000;00000;0000;00000000;00000;0000;00000000;00000;0000;00000000;00000;0000;00000000;00000;0000;00000000;00000;0000;00000000;00000;0000;00000000;00000;0000;00000000;00000;0000;00000000;00000;0000;00000000;00000;0000;00000000;00000;0000;00000000;00000;
3;17;003;08;10;16;35;0520;00000012;01333;3175;00000006;05000;3176;00000006;05000;0000;00000000;00000;0000;00000000;00000;0000;00000000;00000;0000;00000000;00000;0000;00000000;00000;0000;00000000;00000;0000;00000000;00000;0000;00000000;00000;0000;00000000;00000;0000;00000000;00000;0000;00000000;00000;0000;00000000;00000;0000;00000000;00000;0000;00000000;00000;0000;00000000;00000;0000;00000000;00000;0000;00000000;00000;0000;00000000;00000;0000;00000000;00000;0000;00000000;00000;
3;17;003;08;10;16;35;0038;00000006;00667;3026;00000006;10000;0000;00000000;00000;0000;00000000;00000;0000;00000000;00000;0000;00000000;00000;0000;00000000;00000;0000;00000000;00000;0000;00000000;00000;0000;00000000;00000;0000;00000000;00000;0000;00000000;00000;0000;00000000;00000;0000;00000000;00000;0000;00000000;00000;0000;00000000;00000;0000;00000000;00000;0000;00000000;00000;0000;00000000;00000;0000;00000000;00000;0000;00000000;00000;0000;00000000;00000;0000;00000000;00000;
3;17;003;08;10;16;35;0082;00000006;00667;3051;00000006;10000;0000;00000000;00000;0000;00000000;00000;0000;00000000;00000;0000;00000000;00000;0000;00000000;00000;0000;00000000;00000;0000;00000000;00000;0000;00000000;00000;0000;00000000;00000;0000;00000000;00000;0000;00000000;00000;0000;00000000;00000;0000;00000000;00000;0000;00000000;00000;0000;00000000;00000;0000;00000000;00000;0000;00000000;00000;0000;00000000;00000;0000;00000000;00000;0000;00000000;00000;0000;00000000;00000;
3;17;003;08;10;16;35;0203;00000006;00667;3103;00000006;10000;0000;00000000;00000;0000;00000000;00000;0000;00000000;00000;0000;00000000;00000;0000;00000000;00000;0000;00000000;00000;0000;00000000;00000;0000;00000000;00000;0000;00000000;00000;0000;00000000;00000;0000;00000000;00000;0000;00000000;00000;0000;00000000;00000;0000;00000000;00000;0000;00000000;00000;0000;00000000;00000;0000;00000000;00000;0000;00000000;00000;0000;00000000;00000;0000;00000000;00000;0000;00000000;00000;
3;17;003;08;10;16;35;0553;00000006;00667;3262;00000006;10000;0000;00000000;00000;0000;00000000;00000;0000;00000000;00000;0000;00000000;00000;0000;00000000;00000;0000;00000000;00000;0000;00000000;00000;0000;00000000;00000;0000;00000000;00000;0000;00000000;00000;0000;00000000;00000;0000;00000000;00000;0000;00000000;00000;0000;00000000;00000;0000;00000000;00000;0000;00000000;00000;0000;00000000;00000;0000;00000000;00000;0000;00000000;00000;0000;00000000;00000;0000;00000000;00000;
3;17;003;08;10;16;35;0503;00000006;00667;3157;00000006;10000;0000;00000000;00000;0000;00000000;00000;0000;00000000;00000;0000;00000000;00000;0000;00000000;00000;0000;00000000;00000;0000;00000000;00000;0000;00000000;00000;0000;00000000;00000;0000;00000000;00000;0000;00000000;00000;0000;00000000;00000;0000;00000000;00000;0000;00000000;00000;0000;00000000;00000;0000;00000000;00000;0000;00000000;00000;0000;00000000;00000;0000;00000000;00000;0000;00000000;00000;0000;00000000;00000;
3;17;003;08;10;16;35;0539;00000006;00667;3215;00000006;10000;0000;00000000;00000;0000;00000000;00000;0000;00000000;00000;0000;00000000;00000;0000;00000000;00000;0000;00000000;00000;0000;00000000;00000;0000;00000000;00000;0000;00000000;00000;0000;00000000;00000;0000;00000000;00000;0000;00000000;00000;0000;00000000;00000;0000;00000000;00000;0000;00000000;00000;0000;00000000;00000;0000;00000000;00000;0000;00000000;00000;0000;00000000;00000;0000;00000000;00000;0000;00000000;00000;
3;17;004;08;10;16;35;0566;00000024;04000;3284;00000004;01667;3285;00000004;01667;3286;00000004;01667;3287;00000004;01667;3288;00000004;01667;3289;00000004;01667;0000;00000000;00000;0000;00000000;00000;0000;00000000;00000;0000;00000000;00000;0000;00000000;00000;0000;00000000;00000;0000;00000000;00000;0000;00000000;00000;0000;00000000;00000;0000;00000000;00000;0000;00000000;00000;0000;00000000;00000;0000;00000000;00000;0000;00000000;00000;0000;00000000;00000;0000;00000000;00000;
3;17;004;08;10;16;35;0520;00000008;01333;3175;00000004;05000;3176;00000004;05000;0000;00000000;00000;0000;00000000;00000;0000;00000000;00000;0000;00000000;00000;0000;00000000;00000;0000;00000000;00000;0000;00000000;00000;0000;00000000;00000;0000;00000000;00000;0000;00000000;00000;0000;00000000;00000;0000;00000000;00000;0000;00000000;00000;0000;00000000;00000;0000;00000000;00000;0000;00000000;00000;0000;00000000;00000;0000;00000000;00000;0000;00000000;00000;0000;00000000;00000;
3;17;004;08;10;16;35;0038;00000004;00667;3026;00000004;10000;0000;00000000;00000;0000;00000000;00000;0000;00000000;00000;0000;00000000;00000;0000;00000000;00000;0000;00000000;00000;0000;00000000;00000;0000;00000000;00000;0000;00000000;00000;0000;00000000;00000;0000;00000000;00000;0000;00000000;00000;0000;00000000;00000;0000;00000000;00000;0000;00000000;00000;0000;00000000;00000;0000;00000000;00000;0000;00000000;00000;0000;00000000;00000;0000;00000000;00000;0000;00000000;00000;
3;17;004;08;10;16;35;0082;00000004;00667;3051;00000004;10000;0000;00000000;00000;0000;00000000;00000;0000;00000000;00000;0000;00000000;00000;0000;00000000;00000;0000;00000000;00000;0000;00000000;00000;0000;00000000;00000;0000;00000000;00000;0000;00000000;00000;0000;00000000;00000;0000;00000000;00000;0000;00000000;00000;0000;00000000;00000;0000;00000000;00000;0000;00000000;00000;0000;00000000;00000;0000;00000000;00000;0000;00000000;00000;0000;00000000;00000;0000;00000000;00000;
3;17;004;08;10;16;35;0203;00000004;00667;3103;00000004;10000;0000;00000000;00000;0000;00000000;00000;0000;00000000;00000;0000;00000000;00000;0000;00000000;00000;0000;00000000;00000;0000;00000000;00000;0000;00000000;00000;0000;00000000;00000;0000;00000000;00000;0000;00000000;00000;0000;00000000;00000;0000;00000000;00000;0000;00000000;00000;0000;00000000;00000;0000;00000000;00000;0000;00000000;00000;0000;00000000;00000;0000;00000000;00000;0000;00000000;00000;0000;00000000;00000;
3;17;004;08;10;16;35;0553;00000004;00667;3262;00000004;10000;0000;00000000;00000;0000;00000000;00000;0000;00000000;00000;0000;00000000;00000;0000;00000000;00000;0000;00000000;00000;0000;00000000;00000;0000;00000000;00000;0000;00000000;00000;0000;00000000;00000;0000;00000000;00000;0000;00000000;00000;0000;00000000;00000;0000;00000000;00000;0000;00000000;00000;0000;00000000;00000;0000;00000000;00000;0000;00000000;00000;0000;00000000;00000;0000;00000000;00000;0000;00000000;00000;
3;17;004;08;10;16;35;0503;00000004;00667;3157;00000004;10000;0000;00000000;00000;0000;00000000;00000;0000;00000000;00000;0000;00000000;00000;0000;00000000;00000;0000;00000000;00000;0000;00000000;00000;0000;00000000;00000;0000;00000000;00000;0000;00000000;00000;0000;00000000;00000;0000;00000000;00000;0000;00000000;00000;0000;00000000;00000;0000;00000000;00000;0000;00000000;00000;0000;00000000;00000;0000;00000000;00000;0000;00000000;00000;0000;00000000;00000;0000;00000000;00000;
3;17;004;08;10;16;35;0539;00000004;00667;3215;00000004;10000;0000;00000000;00000;0000;00000000;00000;0000;00000000;00000;0000;00000000;00000;0000;00000000;00000;0000;00000000;00000;0000;00000000;00000;0000;00000000;00000;0000;00000000;00000;0000;00000000;00000;0000;00000000;00000;0000;00000000;00000;0000;00000000;00000;0000;00000000;00000;0000;00000000;00000;0000;00000000;00000;0000;00000000;00000;0000;00000000;00000;0000;00000000;00000;0000;00000000;00000;0000;00000000;00000;
3;17;005;08;10;16;35;0566;00000030;04000;3284;00000005;01667;3285;00000005;01667;3286;00000005;01667;3287;00000005;01667;3288;00000005;01667;3289;00000005;01667;0000;00000000;00000;0000;00000000;00000;0000;00000000;00000;0000;00000000;00000;0000;00000000;00000;0000;00000000;00000;0000;00000000;00000;0000;00000000;00000;0000;00000000;00000;0000;00000000;00000;0000;00000000;00000;0000;00000000;00000;0000;00000000;00000;0000;00000000;00000;0000;00000000;00000;0000;00000000;00000;
3;17;005;08;10;16;35;0520;00000010;01333;3175;00000005;05000;3176;00000005;05000;0000;00000000;00000;0000;00000000;00000;0000;00000000;00000;0000;00000000;00000;0000;00000000;00000;0000;00000000;00000;0000;00000000;00000;0000;00000000;00000;0000;00000000;00000;0000;00000000;00000;0000;00000000;00000;0000;00000000;00000;0000;00000000;00000;0000;00000000;00000;0000;00000000;00000;0000;00000000;00000;0000;00000000;00000;0000;00000000;00000;0000;00000000;00000;0000;00000000;00000;
3;17;005;08;10;16;35;0038;00000005;00667;3026;00000005;10000;0000;00000000;00000;0000;00000000;00000;0000;00000000;00000;0000;00000000;00000;0000;00000000;00000;0000;00000000;00000;0000;00000000;00000;0000;00000000;00000;0000;00000000;00000;0000;00000000;00000;0000;00000000;00000;0000;00000000;00000;0000;00000000;00000;0000;00000000;00000;0000;00000000;00000;0000;00000000;00000;0000;00000000;00000;0000;00000000;00000;0000;00000000;00000;0000;00000000;00000;0000;00000000;00000;
3;17;005;08;10;16;35;0082;00000005;00667;3051;00000005;10000;0000;00000000;00000;0000;00000000;00000;0000;00000000;00000;0000;00000000;00000;0000;00000000;00000;0000;00000000;00000;0000;00000000;00000;0000;00000000;00000;0000;00000000;00000;0000;00000000;00000;0000;00000000;00000;0000;00000000;00000;0000;00000000;00000;0000;00000000;00000;0000;00000000;00000;0000;00000000;00000;0000;00000000;00000;0000;00000000;00000;0000;00000000;00000;0000;00000000;00000;0000;00000000;00000;
3;17;005;08;10;16;35;0203;00000005;00667;3103;00000005;10000;0000;00000000;00000;0000;00000000;00000;0000;00000000;00000;0000;00000000;00000;0000;00000000;00000;0000;00000000;00000;0000;00000000;00000;0000;00000000;00000;0000;00000000;00000;0000;00000000;00000;0000;00000000;00000;0000;00000000;00000;0000;00000000;00000;0000;00000000;00000;0000;00000000;00000;0000;00000000;00000;0000;00000000;00000;0000;00000000;00000;0000;00000000;00000;0000;00000000;00000;0000;00000000;00000;
3;17;005;08;10;16;35;0553;00000005;00667;3262;00000005;10000;0000;00000000;00000;0000;00000000;00000;0000;00000000;00000;0000;00000000;00000;0000;00000000;00000;0000;00000000;00000;0000;00000000;00000;0000;00000000;00000;0000;00000000;00000;0000;00000000;00000;0000;00000000;00000;0000;00000000;00000;0000;00000000;00000;0000;00000000;00000;0000;00000000;00000;0000;00000000;00000;0000;00000000;00000;0000;00000000;00000;0000;00000000;00000;0000;00000000;00000;0000;00000000;00000;
3;17;005;08;10;16;35;0503;00000005;00667;3157;00000005;10000;0000;00000000;00000;0000;00000000;00000;0000;00000000;00000;0000;00000000;00000;0000;00000000;00000;0000;00000000;00000;0000;00000000;00000;0000;00000000;00000;0000;00000000;00000;0000;00000000;00000;0000;00000000;00000;0000;00000000;00000;0000;00000000;00000;0000;00000000;00000;0000;00000000;00000;0000;00000000;00000;0000;00000000;00000;0000;00000000;00000;0000;00000000;00000;0000;00000000;00000;0000;00000000;00000;
3;17;005;08;10;16;35;0539;00000005;00667;3215;00000005;10000;0000;00000000;00000;0000;00000000;00000;0000;00000000;00000;0000;00000000;00000;0000;00000000;00000;0000;00000000;00000;0000;00000000;00000;0000;00000000;00000;0000;00000000;00000;0000;00000000;00000;0000;00000000;00000;0000;00000000;00000;0000;00000000;00000;0000;00000000;00000;0000;00000000;00000;0000;00000000;00000;0000;00000000;00000;0000;00000000;00000;0000;00000000;00000;0000;00000000;00000;0000;00000000;00000;
3;17;006;08;10;16;35;0566;00000012;04000;3284;00000002;01667;3285;00000002;01667;3286;00000002;01667;3287;00000002;01667;3288;00000002;01667;3289;00000002;01667;0000;00000000;00000;0000;00000000;00000;0000;00000000;00000;0000;00000000;00000;0000;00000000;00000;0000;00000000;00000;0000;00000000;00000;0000;00000000;00000;0000;00000000;00000;0000;00000000;00000;0000;00000000;00000;0000;00000000;00000;0000;00000000;00000;0000;00000000;00000;0000;00000000;00000;0000;00000000;00000;
3;17;006;08;10;16;35;0520;00000004;01333;3175;00000002;05000;3176;00000002;05000;0000;00000000;00000;0000;00000000;00000;0000;00000000;00000;0000;00000000;00000;0000;00000000;00000;0000;00000000;00000;0000;00000000;00000;0000;00000000;00000;0000;00000000;00000;0000;00000000;00000;0000;00000000;00000;0000;00000000;00000;0000;00000000;00000;0000;00000000;00000;0000;00000000;00000;0000;00000000;00000;0000;00000000;00000;0000;00000000;00000;0000;00000000;00000;0000;00000000;00000;
3;17;006;08;10;16;35;0038;00000002;00667;3026;00000002;10000;0000;00000000;00000;0000;00000000;00000;0000;00000000;00000;0000;00000000;00000;0000;00000000;00000;0000;00000000;00000;0000;00000000;00000;0000;00000000;00000;0000;00000000;00000;0000;00000000;00000;0000;00000000;00000;0000;00000000;00000;0000;00000000;00000;0000;00000000;00000;0000;00000000;00000;0000;00000000;00000;0000;00000000;00000;0000;00000000;00000;0000;00000000;00000;0000;00000000;00000;0000;00000000;00000;
3;17;006;08;10;16;35;0082;00000002;00667;3051;00000002;10000;0000;00000000;00000;0000;00000000;00000;0000;00000000;00000;0000;00000000;00000;0000;00000000;00000;0000;00000000;00000;0000;00000000;00000;0000;00000000;00000;0000;00000000;00000;0000;00000000;00000;0000;00000000;00000;0000;00000000;00000;0000;00000000;00000;0000;00000000;00000;0000;00000000;00000;0000;00000000;00000;0000;00000000;00000;0000;00000000;00000;0000;00000000;00000;0000;00000000;00000;0000;00000000;00000;
3;17;006;08;10;16;35;0203;00000002;00667;3103;00000002;10000;0000;00000000;00000;0000;00000000;00000;0000;00000000;00000;0000;00000000;00000;0000;00000000;00000;0000;00000000;00000;0000;00000000;00000;0000;00000000;00000;0000;00000000;00000;0000;00000000;00000;0000;00000000;00000;0000;00000000;00000;0000;00000000;00000;0000;00000000;00000;0000;00000000;00000;0000;00000000;00000;0000;00000000;00000;0000;00000000;00000;0000;00000000;00000;0000;00000000;00000;0000;00000000;00000;
3;17;006;08;10;16;35;0553;00000002;00667;3262;00000002;10000;0000;00000000;00000;0000;00000000;00000;0000;00000000;00000;0000;00000000;00000;0000;00000000;00000;0000;00000000;00000;0000;00000000;00000;0000;00000000;00000;0000;00000000;00000;0000;00000000;00000;0000;00000000;00000;0000;00000000;00000;0000;00000000;00000;0000;00000000;00000;0000;00000000;00000;0000;00000000;00000;0000;00000000;00000;0000;00000000;00000;0000;00000000;00000;0000;00000000;00000;0000;00000000;00000;
3;17;006;08;10;16;35;0503;00000002;00667;3157;00000002;10000;0000;00000000;00000;0000;00000000;00000;0000;00000000;00000;0000;00000000;00000;0000;00000000;00000;0000;00000000;00000;0000;00000000;00000;0000;00000000;00000;0000;00000000;00000;0000;00000000;00000;0000;00000000;00000;0000;00000000;00000;0000;00000000;00000;0000;00000000;00000;0000;00000000;00000;0000;00000000;00000;0000;00000000;00000;0000;00000000;00000;0000;00000000;00000;0000;00000000;00000;0000;00000000;00000;
3;17;006;08;10;16;35;0539;00000002;00667;3215;00000002;10000;0000;00000000;00000;0000;00000000;00000;0000;00000000;00000;0000;00000000;00000;0000;00000000;00000;0000;00000000;00000;0000;00000000;00000;0000;00000000;00000;0000;00000000;00000;0000;00000000;00000;0000;00000000;00000;0000;00000000;00000;0000;00000000;00000;0000;00000000;00000;0000;00000000;00000;0000;00000000;00000;0000;00000000;00000;0000;00000000;00000;0000;00000000;00000;0000;00000000;00000;0000;00000000;00000;
3;17;007;08;10;16;35;0566;00000030;04000;3284;00000005;01667;3285;00000005;01667;3286;00000005;01667;3287;00000005;01667;3288;00000005;01667;3289;00000005;01667;0000;00000000;00000;0000;00000000;00000;0000;00000000;00000;0000;00000000;00000;0000;00000000;00000;0000;00000000;00000;0000;00000000;00000;0000;00000000;00000;0000;00000000;00000;0000;00000000;00000;0000;00000000;00000;0000;00000000;00000;0000;00000000;00000;0000;00000000;00000;0000;00000000;00000;0000;00000000;00000;
3;17;007;08;10;16;35;0520;00000010;01333;3175;00000005;05000;3176;00000005;05000;0000;00000000;00000;0000;00000000;00000;0000;00000000;00000;0000;00000000;00000;0000;00000000;00000;0000;00000000;00000;0000;00000000;00000;0000;00000000;00000;0000;00000000;00000;0000;00000000;00000;0000;00000000;00000;0000;00000000;00000;0000;00000000;00000;0000;00000000;00000;0000;00000000;00000;0000;00000000;00000;0000;00000000;00000;0000;00000000;00000;0000;00000000;00000;0000;00000000;00000;
3;17;007;08;10;16;35;0038;00000005;00667;3026;00000005;10000;0000;00000000;00000;0000;00000000;00000;0000;00000000;00000;0000;00000000;00000;0000;00000000;00000;0000;00000000;00000;0000;00000000;00000;0000;00000000;00000;0000;00000000;00000;0000;00000000;00000;0000;00000000;00000;0000;00000000;00000;0000;00000000;00000;0000;00000000;00000;0000;00000000;00000;0000;00000000;00000;0000;00000000;00000;0000;00000000;00000;0000;00000000;00000;0000;00000000;00000;0000;00000000;00000;
3;17;007;08;10;16;35;0082;00000005;00667;3051;00000005;10000;0000;00000000;00000;0000;00000000;00000;0000;00000000;00000;0000;00000000;00000;0000;00000000;00000;0000;00000000;00000;0000;00000000;00000;0000;00000000;00000;0000;00000000;00000;0000;00000000;00000;0000;00000000;00000;0000;00000000;00000;0000;00000000;00000;0000;00000000;00000;0000;00000000;00000;0000;00000000;00000;0000;00000000;00000;0000;00000000;00000;0000;00000000;00000;0000;00000000;00000;0000;00000000;00000;
3;17;007;08;10;16;35;0203;00000005;00667;3103;00000005;10000;0000;00000000;00000;0000;00000000;00000;0000;00000000;00000;0000;00000000;00000;0000;00000000;00000;0000;00000000;00000;0000;00000000;00000;0000;00000000;00000;0000;00000000;00000;0000;00000000;00000;0000;00000000;00000;0000;00000000;00000;0000;00000000;00000;0000;00000000;00000;0000;00000000;00000;0000;00000000;00000;0000;00000000;00000;0000;00000000;00000;0000;00000000;00000;0000;00000000;00000;0000;00000000;00000;
3;17;007;08;10;16;35;0553;00000005;00667;3262;00000005;10000;0000;00000000;00000;0000;00000000;00000;0000;00000000;00000;0000;00000000;00000;0000;00000000;00000;0000;00000000;00000;0000;00000000;00000;0000;00000000;00000;0000;00000000;00000;0000;00000000;00000;0000;00000000;00000;0000;00000000;00000;0000;00000000;00000;0000;00000000;00000;0000;00000000;00000;0000;00000000;00000;0000;00000000;00000;0000;00000000;00000;0000;00000000;00000;0000;00000000;00000;0000;00000000;00000;
3;17;007;08;10;16;35;0503;00000005;00667;3157;00000005;10000;0000;00000000;00000;0000;00000000;00000;0000;00000000;00000;0000;00000000;00000;0000;00000000;00000;0000;00000000;00000;0000;00000000;00000;0000;00000000;00000;0000;00000000;00000;0000;00000000;00000;0000;00000000;00000;0000;00000000;00000;0000;00000000;00000;0000;00000000;00000;0000;00000000;00000;0000;00000000;00000;0000;00000000;00000;0000;00000000;00000;0000;00000000;00000;0000;00000000;00000;0000;00000000;00000;
3;17;007;08;10;16;35;0539;00000005;00667;3215;00000005;10000;0000;00000000;00000;0000;00000000;00000;0000;00000000;00000;0000;00000000;00000;0000;00000000;00000;0000;00000000;00000;0000;00000000;00000;0000;00000000;00000;0000;00000000;00000;0000;00000000;00000;0000;00000000;00000;0000;00000000;00000;0000;00000000;00000;0000;00000000;00000;0000;00000000;00000;0000;00000000;00000;0000;00000000;00000;0000;00000000;00000;0000;00000000;00000;0000;00000000;00000;0000;00000000;00000;
3;17;008;08;10;16;40;0566;00000042;04000;3284;00000007;01667;3285;00000007;01667;3286;00000007;01667;3287;00000007;01667;3288;00000007;01667;3289;00000007;01667;0000;00000000;00000;0000;00000000;00000;0000;00000000;00000;0000;00000000;00000;0000;00000000;00000;0000;00000000;00000;0000;00000000;00000;0000;00000000;00000;0000;00000000;00000;0000;00000000;00000;0000;00000000;00000;0000;00000000;00000;0000;00000000;00000;0000;00000000;00000;0000;00000000;00000;0000;00000000;00000;
3;17;008;08;10;16;40;0520;00000014;01333;3175;00000007;05000;3176;00000007;05000;0000;00000000;00000;0000;00000000;00000;0000;00000000;00000;0000;00000000;00000;0000;00000000;00000;0000;00000000;00000;0000;00000000;00000;0000;00000000;00000;0000;00000000;00000;0000;00000000;00000;0000;00000000;00000;0000;00000000;00000;0000;00000000;00000;0000;00000000;00000;0000;00000000;00000;0000;00000000;00000;0000;00000000;00000;0000;00000000;00000;0000;00000000;00000;0000;00000000;00000;
3;17;008;08;10;16;40;0038;00000007;00667;3026;00000007;10000;0000;00000000;00000;0000;00000000;00000;0000;00000000;00000;0000;00000000;00000;0000;00000000;00000;0000;00000000;00000;0000;00000000;00000;0000;00000000;00000;0000;00000000;00000;0000;00000000;00000;0000;00000000;00000;0000;00000000;00000;0000;00000000;00000;0000;00000000;00000;0000;00000000;00000;0000;00000000;00000;0000;00000000;00000;0000;00000000;00000;0000;00000000;00000;0000;00000000;00000;0000;00000000;00000;
3;17;008;08;10;16;40;0082;00000007;00667;3051;00000007;10000;0000;00000000;00000;0000;00000000;00000;0000;00000000;00000;0000;00000000;00000;0000;00000000;00000;0000;00000000;00000;0000;00000000;00000;0000;00000000;00000;0000;00000000;00000;0000;00000000;00000;0000;00000000;00000;0000;00000000;00000;0000;00000000;00000;0000;00000000;00000;0000;00000000;00000;0000;00000000;00000;0000;00000000;00000;0000;00000000;00000;0000;00000000;00000;0000;00000000;00000;0000;00000000;00000;
3;17;008;08;10;16;40;0203;00000007;00667;3103;00000007;10000;0000;00000000;00000;0000;00000000;00000;0000;00000000;00000;0000;00000000;00000;0000;00000000;00000;0000;00000000;00000;0000;00000000;00000;0000;00000000;00000;0000;00000000;00000;0000;00000000;00000;0000;00000000;00000;0000;00000000;00000;0000;00000000;00000;0000;00000000;00000;0000;00000000;00000;0000;00000000;00000;0000;00000000;00000;0000;00000000;00000;0000;00000000;00000;0000;00000000;00000;0000;00000000;00000;
3;17;008;08;10;16;40;0553;00000007;00667;3262;00000007;10000;0000;00000000;00000;0000;00000000;00000;0000;00000000;00000;0000;00000000;00000;0000;00000000;00000;0000;00000000;00000;0000;00000000;00000;0000;00000000;00000;0000;00000000;00000;0000;00000000;00000;0000;00000000;00000;0000;00000000;00000;0000;00000000;00000;0000;00000000;00000;0000;00000000;00000;0000;00000000;00000;0000;00000000;00000;0000;00000000;00000;0000;00000000;00000;0000;00000000;00000;0000;00000000;00000;
3;17;008;08;10;16;40;0503;00000007;00667;3157;00000007;10000;0000;00000000;00000;0000;00000000;00000;0000;00000000;00000;0000;00000000;00000;0000;00000000;00000;0000;00000000;00000;0000;00000000;00000;0000;00000000;00000;0000;00000000;00000;0000;00000000;00000;0000;00000000;00000;0000;00000000;00000;0000;00000000;00000;0000;00000000;00000;0000;00000000;00000;0000;00000000;00000;0000;00000000;00000;0000;00000000;00000;0000;00000000;00000;0000;00000000;00000;0000;00000000;00000;
3;17;008;08;10;16;40;0539;00000007;00667;3215;00000007;10000;0000;00000000;00000;0000;00000000;00000;0000;00000000;00000;0000;00000000;00000;0000;00000000;00000;0000;00000000;00000;0000;00000000;00000;0000;00000000;00000;0000;00000000;00000;0000;00000000;00000;0000;00000000;00000;0000;00000000;00000;0000;00000000;00000;0000;00000000;00000;0000;00000000;00000;0000;00000000;00000;0000;00000000;00000;0000;00000000;00000;0000;00000000;00000;0000;00000000;00000;0000;00000000;00000;
3;17;009;08;10;16;40;0566;00000030;04000;3284;00000005;01667;3285;00000005;01667;3286;00000005;01667;3287;00000005;01667;3288;00000005;01667;3289;00000005;01667;0000;00000000;00000;0000;00000000;00000;0000;00000000;00000;0000;00000000;00000;0000;00000000;00000;0000;00000000;00000;0000;00000000;00000;0000;00000000;00000;0000;00000000;00000;0000;00000000;00000;0000;00000000;00000;0000;00000000;00000;0000;00000000;00000;0000;00000000;00000;0000;00000000;00000;0000;00000000;00000;
3;17;009;08;10;16;40;0520;00000010;01333;3175;00000005;05000;3176;00000005;05000;0000;00000000;00000;0000;00000000;00000;0000;00000000;00000;0000;00000000;00000;0000;00000000;00000;0000;00000000;00000;0000;00000000;00000;0000;00000000;00000;0000;00000000;00000;0000;00000000;00000;0000;00000000;00000;0000;00000000;00000;0000;00000000;00000;0000;00000000;00000;0000;00000000;00000;0000;00000000;00000;0000;00000000;00000;0000;00000000;00000;0000;00000000;00000;0000;00000000;00000;
3;17;009;08;10;16;40;0038;00000005;00667;3026;00000005;10000;0000;00000000;00000;0000;00000000;00000;0000;00000000;00000;0000;00000000;00000;0000;00000000;00000;0000;00000000;00000;0000;00000000;00000;0000;00000000;00000;0000;00000000;00000;0000;00000000;00000;0000;00000000;00000;0000;00000000;00000;0000;00000000;00000;0000;00000000;00000;0000;00000000;00000;0000;00000000;00000;0000;00000000;00000;0000;00000000;00000;0000;00000000;00000;0000;00000000;00000;0000;00000000;00000;
3;17;009;08;10;16;40;0082;00000005;00667;3051;00000005;10000;0000;00000000;00000;0000;00000000;00000;0000;00000000;00000;0000;00000000;00000;0000;00000000;00000;0000;00000000;00000;0000;00000000;00000;0000;00000000;00000;0000;00000000;00000;0000;00000000;00000;0000;00000000;00000;0000;00000000;00000;0000;00000000;00000;0000;00000000;00000;0000;00000000;00000;0000;00000000;00000;0000;00000000;00000;0000;00000000;00000;0000;00000000;00000;0000;00000000;00000;0000;00000000;00000;
3;17;009;08;10;16;40;0203;00000005;00667;3103;00000005;10000;0000;00000000;00000;0000;00000000;00000;0000;00000000;00000;0000;00000000;00000;0000;00000000;00000;0000;00000000;00000;0000;00000000;00000;0000;00000000;00000;0000;00000000;00000;0000;00000000;00000;0000;00000000;00000;0000;00000000;00000;0000;00000000;00000;0000;00000000;00000;0000;00000000;00000;0000;00000000;00000;0000;00000000;00000;0000;00000000;00000;0000;00000000;00000;0000;00000000;00000;0000;00000000;00000;
3;17;009;08;10;16;40;0553;00000005;00667;3262;00000005;10000;0000;00000000;00000;0000;00000000;00000;0000;00000000;00000;0000;00000000;00000;0000;00000000;00000;0000;00000000;00000;0000;00000000;00000;0000;00000000;00000;0000;00000000;00000;0000;00000000;00000;0000;00000000;00000;0000;00000000;00000;0000;00000000;00000;0000;00000000;00000;0000;00000000;00000;0000;00000000;00000;0000;00000000;00000;0000;00000000;00000;0000;00000000;00000;0000;00000000;00000;0000;00000000;00000;
3;17;009;08;10;16;40;0503;00000005;00667;3157;00000005;10000;0000;00000000;00000;0000;00000000;00000;0000;00000000;00000;0000;00000000;00000;0000;00000000;00000;0000;00000000;00000;0000;00000000;00000;0000;00000000;00000;0000;00000000;00000;0000;00000000;00000;0000;00000000;00000;0000;00000000;00000;0000;00000000;00000;0000;00000000;00000;0000;00000000;00000;0000;00000000;00000;0000;00000000;00000;0000;00000000;00000;0000;00000000;00000;0000;00000000;00000;0000;00000000;00000;
3;17;009;08;10;16;40;0539;00000005;00667;3215;00000005;10000;0000;00000000;00000;0000;00000000;00000;0000;00000000;00000;0000;00000000;00000;0000;00000000;00000;0000;00000000;00000;0000;00000000;00000;0000;00000000;00000;0000;00000000;00000;0000;00000000;00000;0000;00000000;00000;0000;00000000;00000;0000;00000000;00000;0000;00000000;00000;0000;00000000;00000;0000;00000000;00000;0000;00000000;00000;0000;00000000;00000;0000;00000000;00000;0000;00000000;00000;0000;00000000;00000;
3;17;010;08;10;16;40;0566;00000036;04000;3284;00000006;01667;3285;00000006;01667;3286;00000006;01667;3287;00000006;01667;3288;00000006;01667;3289;00000006;01667;0000;00000000;00000;0000;00000000;00000;0000;00000000;00000;0000;00000000;00000;0000;00000000;00000;0000;00000000;00000;0000;00000000;00000;0000;00000000;00000;0000;00000000;00000;0000;00000000;00000;0000;00000000;00000;0000;00000000;00000;0000;00000000;00000;0000;00000000;00000;0000;00000000;00000;0000;00000000;00000;
3;17;010;08;10;16;40;0520;00000012;01333;3175;00000006;05000;3176;00000006;05000;0000;00000000;00000;0000;00000000;00000;0000;00000000;00000;0000;00000000;00000;0000;00000000;00000;0000;00000000;00000;0000;00000000;00000;0000;00000000;00000;0000;00000000;00000;0000;00000000;00000;0000;00000000;00000;0000;00000000;00000;0000;00000000;00000;0000;00000000;00000;0000;00000000;00000;0000;00000000;00000;0000;00000000;00000;0000;00000000;00000;0000;00000000;00000;0000;00000000;00000;
3;17;010;08;10;16;40;0038;00000006;00667;3026;00000006;10000;0000;00000000;00000;0000;00000000;00000;0000;00000000;00000;0000;00000000;00000;0000;00000000;00000;0000;00000000;00000;0000;00000000;00000;0000;00000000;00000;0000;00000000;00000;0000;00000000;00000;0000;00000000;00000;0000;00000000;00000;0000;00000000;00000;0000;00000000;00000;0000;00000000;00000;0000;00000000;00000;0000;00000000;00000;0000;00000000;00000;0000;00000000;00000;0000;00000000;00000;0000;00000000;00000;
3;17;010;08;10;16;40;0082;00000006;00667;3051;00000006;10000;0000;00000000;00000;0000;00000000;00000;0000;00000000;00000;0000;00000000;00000;0000;00000000;00000;0000;00000000;00000;0000;00000000;00000;0000;00000000;00000;0000;00000000;00000;0000;00000000;00000;0000;00000000;00000;0000;00000000;00000;0000;00000000;00000;0000;00000000;00000;0000;00000000;00000;0000;00000000;00000;0000;00000000;00000;0000;00000000;00000;0000;00000000;00000;0000;00000000;00000;0000;00000000;00000;
3;17;010;08;10;16;40;0203;00000006;00667;3103;00000006;10000;0000;00000000;00000;0000;00000000;00000;0000;00000000;00000;0000;00000000;00000;0000;00000000;00000;0000;00000000;00000;0000;00000000;00000;0000;00000000;00000;0000;00000000;00000;0000;00000000;00000;0000;00000000;00000;0000;00000000;00000;0000;00000000;00000;0000;00000000;00000;0000;00000000;00000;0000;00000000;00000;0000;00000000;00000;0000;00000000;00000;0000;00000000;00000;0000;00000000;00000;0000;00000000;00000;
3;17;010;08;10;16;40;0553;00000006;00667;3262;00000006;10000;0000;00000000;00000;0000;00000000;00000;0000;00000000;00000;0000;00000000;00000;0000;00000000;00000;0000;00000000;00000;0000;00000000;00000;0000;00000000;00000;0000;00000000;00000;0000;00000000;00000;0000;00000000;00000;0000;00000000;00000;0000;00000000;00000;0000;00000000;00000;0000;00000000;00000;0000;00000000;00000;0000;00000000;00000;0000;00000000;00000;0000;00000000;00000;0000;00000000;00000;0000;00000000;00000;
3;17;010;08;10;16;40;0503;00000006;00667;3157;00000006;10000;0000;00000000;00000;0000;00000000;00000;0000;00000000;00000;0000;00000000;00000;0000;00000000;00000;0000;00000000;00000;0000;00000000;00000;0000;00000000;00000;0000;00000000;00000;0000;00000000;00000;0000;00000000;00000;0000;00000000;00000;0000;00000000;00000;0000;00000000;00000;0000;00000000;00000;0000;00000000;00000;0000;00000000;00000;0000;00000000;00000;0000;00000000;00000;0000;00000000;00000;0000;00000000;00000;
3;17;010;08;10;16;40;0539;00000006;00667;3215;00000006;10000;0000;00000000;00000;0000;00000000;00000;0000;00000000;00000;0000;00000000;00000;0000;00000000;00000;0000;00000000;00000;0000;00000000;00000;0000;00000000;00000;0000;00000000;00000;0000;00000000;00000;0000;00000000;00000;0000;00000000;00000;0000;00000000;00000;0000;00000000;00000;0000;00000000;00000;0000;00000000;00000;0000;00000000;00000;0000;00000000;00000;0000;00000000;00000;0000;00000000;00000;0000;00000000;00000;
3;17;011;08;10;16;40;0566;00000018;04000;3284;00000003;01667;3285;00000003;01667;3286;00000003;01667;3287;00000003;01667;3288;00000003;01667;3289;00000003;01667;0000;00000000;00000;0000;00000000;00000;0000;00000000;00000;0000;00000000;00000;0000;00000000;00000;0000;00000000;00000;0000;00000000;00000;0000;00000000;00000;0000;00000000;00000;0000;00000000;00000;0000;00000000;00000;0000;00000000;00000;0000;00000000;00000;0000;00000000;00000;0000;00000000;00000;0000;00000000;00000;
3;17;011;08;10;16;40;0520;00000006;01333;3175;00000003;05000;3176;00000003;05000;0000;00000000;00000;0000;00000000;00000;0000;00000000;00000;0000;00000000;00000;0000;00000000;00000;0000;00000000;00000;0000;00000000;00000;0000;00000000;00000;0000;00000000;00000;0000;00000000;00000;0000;00000000;00000;0000;00000000;00000;0000;00000000;00000;0000;00000000;00000;0000;00000000;00000;0000;00000000;00000;0000;00000000;00000;0000;00000000;00000;0000;00000000;00000;0000;00000000;00000;
3;17;011;08;10;16;40;0038;00000003;00667;3026;00000003;10000;0000;00000000;00000;0000;00000000;00000;0000;00000000;00000;0000;00000000;00000;0000;00000000;00000;0000;00000000;00000;0000;00000000;00000;0000;00000000;00000;0000;00000000;00000;0000;00000000;00000;0000;00000000;00000;0000;00000000;00000;0000;00000000;00000;0000;00000000;00000;0000;00000000;00000;0000;00000000;00000;0000;00000000;00000;0000;00000000;00000;0000;00000000;00000;0000;00000000;00000;0000;00000000;00000;
3;17;011;08;10;16;40;0082;00000003;00667;3051;00000003;10000;0000;00000000;00000;0000;00000000;00000;0000;00000000;00000;0000;00000000;00000;0000;00000000;00000;0000;00000000;00000;0000;00000000;00000;0000;00000000;00000;0000;00000000;00000;0000;00000000;00000;0000;00000000;00000;0000;00000000;00000;0000;00000000;00000;0000;00000000;00000;0000;00000000;00000;0000;00000000;00000;0000;00000000;00000;0000;00000000;00000;0000;00000000;00000;0000;00000000;00000;0000;00000000;00000;
3;17;011;08;10;16;40;0203;00000003;00667;3103;00000003;10000;0000;00000000;00000;0000;00000000;00000;0000;00000000;00000;0000;00000000;00000;0000;00000000;00000;0000;00000000;00000;0000;00000000;00000;0000;00000000;00000;0000;00000000;00000;0000;00000000;00000;0000;00000000;00000;0000;00000000;00000;0000;00000000;00000;0000;00000000;00000;0000;00000000;00000;0000;00000000;00000;0000;00000000;00000;0000;00000000;00000;0000;00000000;00000;0000;00000000;00000;0000;00000000;00000;
3;17;011;08;10;16;40;0553;00000003;00667;3262;00000003;10000;0000;00000000;00000;0000;00000000;00000;0000;00000000;00000;0000;00000000;00000;0000;00000000;00000;0000;00000000;00000;0000;00000000;00000;0000;00000000;00000;0000;00000000;00000;0000;00000000;00000;0000;00000000;00000;0000;00000000;00000;0000;00000000;00000;0000;00000000;00000;0000;00000000;00000;0000;00000000;00000;0000;00000000;00000;0000;00000000;00000;0000;00000000;00000;0000;00000000;00000;0000;00000000;00000;
3;17;011;08;10;16;40;0503;00000003;00667;3157;00000003;10000;0000;00000000;00000;0000;00000000;00000;0000;00000000;00000;0000;00000000;00000;0000;00000000;00000;0000;00000000;00000;0000;00000000;00000;0000;00000000;00000;0000;00000000;00000;0000;00000000;00000;0000;00000000;00000;0000;00000000;00000;0000;00000000;00000;0000;00000000;00000;0000;00000000;00000;0000;00000000;00000;0000;00000000;00000;0000;00000000;00000;0000;00000000;00000;0000;00000000;00000;0000;00000000;00000;
3;17;011;08;10;16;40;0539;00000003;00667;3215;00000003;10000;0000;00000000;00000;0000;00000000;00000;0000;00000000;00000;0000;00000000;00000;0000;00000000;00000;0000;00000000;00000;0000;00000000;00000;0000;00000000;00000;0000;00000000;00000;0000;00000000;00000;0000;00000000;00000;0000;00000000;00000;0000;00000000;00000;0000;00000000;00000;0000;00000000;00000;0000;00000000;00000;0000;00000000;00000;0000;00000000;00000;0000;00000000;00000;0000;00000000;00000;0000;00000000;00000;
3;17;012;08;10;16;40;0566;00000018;04000;3284;00000003;01667;3285;00000003;01667;3286;00000003;01667;3287;00000003;01667;3288;00000003;01667;3289;00000003;01667;0000;00000000;00000;0000;00000000;00000;0000;00000000;00000;0000;00000000;00000;0000;00000000;00000;0000;00000000;00000;0000;00000000;00000;0000;00000000;00000;0000;00000000;00000;0000;00000000;00000;0000;00000000;00000;0000;00000000;00000;0000;00000000;00000;0000;00000000;00000;0000;00000000;00000;0000;00000000;00000;
3;17;012;08;10;16;40;0520;00000006;01333;3175;00000003;05000;3176;00000003;05000;0000;00000000;00000;0000;00000000;00000;0000;00000000;00000;0000;00000000;00000;0000;00000000;00000;0000;00000000;00000;0000;00000000;00000;0000;00000000;00000;0000;00000000;00000;0000;00000000;00000;0000;00000000;00000;0000;00000000;00000;0000;00000000;00000;0000;00000000;00000;0000;00000000;00000;0000;00000000;00000;0000;00000000;00000;0000;00000000;00000;0000;00000000;00000;0000;00000000;00000;
3;17;012;08;10;16;40;0038;00000003;00667;3026;00000003;10000;0000;00000000;00000;0000;00000000;00000;0000;00000000;00000;0000;00000000;00000;0000;00000000;00000;0000;00000000;00000;0000;00000000;00000;0000;00000000;00000;0000;00000000;00000;0000;00000000;00000;0000;00000000;00000;0000;00000000;00000;0000;00000000;00000;0000;00000000;00000;0000;00000000;00000;0000;00000000;00000;0000;00000000;00000;0000;00000000;00000;0000;00000000;00000;0000;00000000;00000;0000;00000000;00000;
3;17;012;08;10;16;40;0082;00000003;00667;3051;00000003;10000;0000;00000000;00000;0000;00000000;00000;0000;00000000;00000;0000;00000000;00000;0000;00000000;00000;0000;00000000;00000;0000;00000000;00000;0000;00000000;00000;0000;00000000;00000;0000;00000000;00000;0000;00000000;00000;0000;00000000;00000;0000;00000000;00000;0000;00000000;00000;0000;00000000;00000;0000;00000000;00000;0000;00000000;00000;0000;00000000;00000;0000;00000000;00000;0000;00000000;00000;0000;00000000;00000;
3;17;012;08;10;16;40;0203;00000003;00667;3103;00000003;10000;0000;00000000;00000;0000;00000000;00000;0000;00000000;00000;0000;00000000;00000;0000;00000000;00000;0000;00000000;00000;0000;00000000;00000;0000;00000000;00000;0000;00000000;00000;0000;00000000;00000;0000;00000000;00000;0000;00000000;00000;0000;00000000;00000;0000;00000000;00000;0000;00000000;00000;0000;00000000;00000;0000;00000000;00000;0000;00000000;00000;0000;00000000;00000;0000;00000000;00000;0000;00000000;00000;
3;17;012;08;10;16;40;0553;00000003;00667;3262;00000003;10000;0000;00000000;00000;0000;00000000;00000;0000;00000000;00000;0000;00000000;00000;0000;00000000;00000;0000;00000000;00000;0000;00000000;00000;0000;00000000;00000;0000;00000000;00000;0000;00000000;00000;0000;00000000;00000;0000;00000000;00000;0000;00000000;00000;0000;00000000;00000;0000;00000000;00000;0000;00000000;00000;0000;00000000;00000;0000;00000000;00000;0000;00000000;00000;0000;00000000;00000;0000;00000000;00000;
3;17;012;08;10;16;40;0503;00000003;00667;3157;00000003;10000;0000;00000000;00000;0000;00000000;00000;0000;00000000;00000;0000;00000000;00000;0000;00000000;00000;0000;00000000;00000;0000;00000000;00000;0000;00000000;00000;0000;00000000;00000;0000;00000000;00000;0000;00000000;00000;0000;00000000;00000;0000;00000000;00000;0000;00000000;00000;0000;00000000;00000;0000;00000000;00000;0000;00000000;00000;0000;00000000;00000;0000;00000000;00000;0000;00000000;00000;0000;00000000;00000;
3;17;012;08;10;16;40;0539;00000003;00667;3215;00000003;10000;0000;00000000;00000;0000;00000000;00000;0000;00000000;00000;0000;00000000;00000;0000;00000000;00000;0000;00000000;00000;0000;00000000;00000;0000;00000000;00000;0000;00000000;00000;0000;00000000;00000;0000;00000000;00000;0000;00000000;00000;0000;00000000;00000;0000;00000000;00000;0000;00000000;00000;0000;00000000;00000;0000;00000000;00000;0000;00000000;00000;0000;00000000;00000;0000;00000000;00000;0000;00000000;00000;
3;17;013;08;10;16;40;0566;00000024;04000;3284;00000004;01667;3285;00000004;01667;3286;00000004;01667;3287;00000004;01667;3288;00000004;01667;3289;00000004;01667;0000;00000000;00000;0000;00000000;00000;0000;00000000;00000;0000;00000000;00000;0000;00000000;00000;0000;00000000;00000;0000;00000000;00000;0000;00000000;00000;0000;00000000;00000;0000;00000000;00000;0000;00000000;00000;0000;00000000;00000;0000;00000000;00000;0000;00000000;00000;0000;00000000;00000;0000;00000000;00000;
3;17;013;08;10;16;40;0520;00000008;01333;3175;00000004;05000;3176;00000004;05000;0000;00000000;00000;0000;00000000;00000;0000;00000000;00000;0000;00000000;00000;0000;00000000;00000;0000;00000000;00000;0000;00000000;00000;0000;00000000;00000;0000;00000000;00000;0000;00000000;00000;0000;00000000;00000;0000;00000000;00000;0000;00000000;00000;0000;00000000;00000;0000;00000000;00000;0000;00000000;00000;0000;00000000;00000;0000;00000000;00000;0000;00000000;00000;0000;00000000;00000;
3;17;013;08;10;16;40;0038;00000004;00667;3026;00000004;10000;0000;00000000;00000;0000;00000000;00000;0000;00000000;00000;0000;00000000;00000;0000;00000000;00000;0000;00000000;00000;0000;00000000;00000;0000;00000000;00000;0000;00000000;00000;0000;00000000;00000;0000;00000000;00000;0000;00000000;00000;0000;00000000;00000;0000;00000000;00000;0000;00000000;00000;0000;00000000;00000;0000;00000000;00000;0000;00000000;00000;0000;00000000;00000;0000;00000000;00000;0000;00000000;00000;
3;17;013;08;10;16;40;0082;00000004;00667;3051;00000004;10000;0000;00000000;00000;0000;00000000;00000;0000;00000000;00000;0000;00000000;00000;0000;00000000;00000;0000;00000000;00000;0000;00000000;00000;0000;00000000;00000;0000;00000000;00000;0000;00000000;00000;0000;00000000;00000;0000;00000000;00000;0000;00000000;00000;0000;00000000;00000;0000;00000000;00000;0000;00000000;00000;0000;00000000;00000;0000;00000000;00000;0000;00000000;00000;0000;00000000;00000;0000;00000000;00000;
3;17;013;08;10;16;40;0203;00000004;00667;3103;00000004;10000;0000;00000000;00000;0000;00000000;00000;0000;00000000;00000;0000;00000000;00000;0000;00000000;00000;0000;00000000;00000;0000;00000000;00000;0000;00000000;00000;0000;00000000;00000;0000;00000000;00000;0000;00000000;00000;0000;00000000;00000;0000;00000000;00000;0000;00000000;00000;0000;00000000;00000;0000;00000000;00000;0000;00000000;00000;0000;00000000;00000;0000;00000000;00000;0000;00000000;00000;0000;00000000;00000;
3;17;013;08;10;16;40;0553;00000004;00667;3262;00000004;10000;0000;00000000;00000;0000;00000000;00000;0000;00000000;00000;0000;00000000;00000;0000;00000000;00000;0000;00000000;00000;0000;00000000;00000;0000;00000000;00000;0000;00000000;00000;0000;00000000;00000;0000;00000000;00000;0000;00000000;00000;0000;00000000;00000;0000;00000000;00000;0000;00000000;00000;0000;00000000;00000;0000;00000000;00000;0000;00000000;00000;0000;00000000;00000;0000;00000000;00000;0000;00000000;00000;
3;17;013;08;10;16;40;0503;00000004;00667;3157;00000004;10000;0000;00000000;00000;0000;00000000;00000;0000;00000000;00000;0000;00000000;00000;0000;00000000;00000;0000;00000000;00000;0000;00000000;00000;0000;00000000;00000;0000;00000000;00000;0000;00000000;00000;0000;00000000;00000;0000;00000000;00000;0000;00000000;00000;0000;00000000;00000;0000;00000000;00000;0000;00000000;00000;0000;00000000;00000;0000;00000000;00000;0000;00000000;00000;0000;00000000;00000;0000;00000000;00000;
3;17;013;08;10;16;40;0539;00000004;00667;3215;00000004;10000;0000;00000000;00000;0000;00000000;00000;0000;00000000;00000;0000;00000000;00000;0000;00000000;00000;0000;00000000;00000;0000;00000000;00000;0000;00000000;00000;0000;00000000;00000;0000;00000000;00000;0000;00000000;00000;0000;00000000;00000;0000;00000000;00000;0000;00000000;00000;0000;00000000;00000;0000;00000000;00000;0000;00000000;00000;0000;00000000;00000;0000;00000000;00000;0000;00000000;00000;0000;00000000;00000;
3;17;014;08;10;16;40;0566;00000042;04000;3284;00000007;01667;3285;00000007;01667;3286;00000007;01667;3287;00000007;01667;3288;00000007;01667;3289;00000007;01667;0000;00000000;00000;0000;00000000;00000;0000;00000000;00000;0000;00000000;00000;0000;00000000;00000;0000;00000000;00000;0000;00000000;00000;0000;00000000;00000;0000;00000000;00000;0000;00000000;00000;0000;00000000;00000;0000;00000000;00000;0000;00000000;00000;0000;00000000;00000;0000;00000000;00000;0000;00000000;00000;
3;17;014;08;10;16;40;0520;00000014;01333;3175;00000007;05000;3176;00000007;05000;0000;00000000;00000;0000;00000000;00000;0000;00000000;00000;0000;00000000;00000;0000;00000000;00000;0000;00000000;00000;0000;00000000;00000;0000;00000000;00000;0000;00000000;00000;0000;00000000;00000;0000;00000000;00000;0000;00000000;00000;0000;00000000;00000;0000;00000000;00000;0000;00000000;00000;0000;00000000;00000;0000;00000000;00000;0000;00000000;00000;0000;00000000;00000;0000;00000000;00000;
3;17;014;08;10;16;40;0038;00000007;00667;3026;00000007;10000;0000;00000000;00000;0000;00000000;00000;0000;00000000;00000;0000;00000000;00000;0000;00000000;00000;0000;00000000;00000;0000;00000000;00000;0000;00000000;00000;0000;00000000;00000;0000;00000000;00000;0000;00000000;00000;0000;00000000;00000;0000;00000000;00000;0000;00000000;00000;0000;00000000;00000;0000;00000000;00000;0000;00000000;00000;0000;00000000;00000;0000;00000000;00000;0000;00000000;00000;0000;00000000;00000;
3;17;014;08;10;16;40;0082;00000007;00667;3051;00000007;10000;0000;00000000;00000;0000;00000000;00000;0000;00000000;00000;0000;00000000;00000;0000;00000000;00000;0000;00000000;00000;0000;00000000;00000;0000;00000000;00000;0000;00000000;00000;0000;00000000;00000;0000;00000000;00000;0000;00000000;00000;0000;00000000;00000;0000;00000000;00000;0000;00000000;00000;0000;00000000;00000;0000;00000000;00000;0000;00000000;00000;0000;00000000;00000;0000;00000000;00000;0000;00000000;00000;
3;17;014;08;10;16;40;0203;00000007;00667;3103;00000007;10000;0000;00000000;00000;0000;00000000;00000;0000;00000000;00000;0000;00000000;00000;0000;00000000;00000;0000;00000000;00000;0000;00000000;00000;0000;00000000;00000;0000;00000000;00000;0000;00000000;00000;0000;00000000;00000;0000;00000000;00000;0000;00000000;00000;0000;00000000;00000;0000;00000000;00000;0000;00000000;00000;0000;00000000;00000;0000;00000000;00000;0000;00000000;00000;0000;00000000;00000;0000;00000000;00000;
3;17;014;08;10;16;40;0553;00000007;00667;3262;00000007;10000;0000;00000000;00000;0000;00000000;00000;0000;00000000;00000;0000;00000000;00000;0000;00000000;00000;0000;00000000;00000;0000;00000000;00000;0000;00000000;00000;0000;00000000;00000;0000;00000000;00000;0000;00000000;00000;0000;00000000;00000;0000;00000000;00000;0000;00000000;00000;0000;00000000;00000;0000;00000000;00000;0000;00000000;00000;0000;00000000;00000;0000;00000000;00000;0000;00000000;00000;0000;00000000;00000;
3;17;014;08;10;16;40;0503;00000007;00667;3157;00000007;10000;0000;00000000;00000;0000;00000000;00000;0000;00000000;00000;0000;00000000;00000;0000;00000000;00000;0000;00000000;00000;0000;00000000;00000;0000;00000000;00000;0000;00000000;00000;0000;00000000;00000;0000;00000000;00000;0000;00000000;00000;0000;00000000;00000;0000;00000000;00000;0000;00000000;00000;0000;00000000;00000;0000;00000000;00000;0000;00000000;00000;0000;00000000;00000;0000;00000000;00000;0000;00000000;00000;
3;17;014;08;10;16;40;0539;00000007;00667;3215;00000007;10000;0000;00000000;00000;0000;00000000;00000;0000;00000000;00000;0000;00000000;00000;0000;00000000;00000;0000;00000000;00000;0000;00000000;00000;0000;00000000;00000;0000;00000000;00000;0000;00000000;00000;0000;00000000;00000;0000;00000000;00000;0000;00000000;00000;0000;00000000;00000;0000;00000000;00000;0000;00000000;00000;0000;00000000;00000;0000;00000000;00000;0000;00000000;00000;0000;00000000;00000;0000;00000000;00000;
3;17;015;08;10;16;40;0566;00000042;04000;3284;00000007;01667;3285;00000007;01667;3286;00000007;01667;3287;00000007;01667;3288;00000007;01667;3289;00000007;01667;0000;00000000;00000;0000;00000000;00000;0000;00000000;00000;0000;00000000;00000;0000;00000000;00000;0000;00000000;00000;0000;00000000;00000;0000;00000000;00000;0000;00000000;00000;0000;00000000;00000;0000;00000000;00000;0000;00000000;00000;0000;00000000;00000;0000;00000000;00000;0000;00000000;00000;0000;00000000;00000;
3;17;015;08;10;16;40;0520;00000014;01333;3175;00000007;05000;3176;00000007;05000;0000;00000000;00000;0000;00000000;00000;0000;00000000;00000;0000;00000000;00000;0000;00000000;00000;0000;00000000;00000;0000;00000000;00000;0000;00000000;00000;0000;00000000;00000;0000;00000000;00000;0000;00000000;00000;0000;00000000;00000;0000;00000000;00000;0000;00000000;00000;0000;00000000;00000;0000;00000000;00000;0000;00000000;00000;0000;00000000;00000;0000;00000000;00000;0000;00000000;00000;
3;17;015;08;10;16;40;0038;00000007;00667;3026;00000007;10000;0000;00000000;00000;0000;00000000;00000;0000;00000000;00000;0000;00000000;00000;0000;00000000;00000;0000;00000000;00000;0000;00000000;00000;0000;00000000;00000;0000;00000000;00000;0000;00000000;00000;0000;00000000;00000;0000;00000000;00000;0000;00000000;00000;0000;00000000;00000;0000;00000000;00000;0000;00000000;00000;0000;00000000;00000;0000;00000000;00000;0000;00000000;00000;0000;00000000;00000;0000;00000000;00000;
3;17;015;08;10;16;40;0082;00000007;00667;3051;00000007;10000;0000;00000000;00000;0000;00000000;00000;0000;00000000;00000;0000;00000000;00000;0000;00000000;00000;0000;00000000;00000;0000;00000000;00000;0000;00000000;00000;0000;00000000;00000;0000;00000000;00000;0000;00000000;00000;0000;00000000;00000;0000;00000000;00000;0000;00000000;00000;0000;00000000;00000;0000;00000000;00000;0000;00000000;00000;0000;00000000;00000;0000;00000000;00000;0000;00000000;00000;0000;00000000;00000;
3;17;015;08;10;16;40;0203;00000007;00667;3103;00000007;10000;0000;00000000;00000;0000;00000000;00000;0000;00000000;00000;0000;00000000;00000;0000;00000000;00000;0000;00000000;00000;0000;00000000;00000;0000;00000000;00000;0000;00000000;00000;0000;00000000;00000;0000;00000000;00000;0000;00000000;00000;0000;00000000;00000;0000;00000000;00000;0000;00000000;00000;0000;00000000;00000;0000;00000000;00000;0000;00000000;00000;0000;00000000;00000;0000;00000000;00000;0000;00000000;00000;
3;17;015;08;10;16;40;0553;00000007;00667;3262;00000007;10000;0000;00000000;00000;0000;00000000;00000;0000;00000000;00000;0000;00000000;00000;0000;00000000;00000;0000;00000000;00000;0000;00000000;00000;0000;00000000;00000;0000;00000000;00000;0000;00000000;00000;0000;00000000;00000;0000;00000000;00000;0000;00000000;00000;0000;00000000;00000;0000;00000000;00000;0000;00000000;00000;0000;00000000;00000;0000;00000000;00000;0000;00000000;00000;0000;00000000;00000;0000;00000000;00000;
3;17;015;08;10;16;40;0503;00000007;00667;3157;00000007;10000;0000;00000000;00000;0000;00000000;00000;0000;00000000;00000;0000;00000000;00000;0000;00000000;00000;0000;00000000;00000;0000;00000000;00000;0000;00000000;00000;0000;00000000;00000;0000;00000000;00000;0000;00000000;00000;0000;00000000;00000;0000;00000000;00000;0000;00000000;00000;0000;00000000;00000;0000;00000000;00000;0000;00000000;00000;0000;00000000;00000;0000;00000000;00000;0000;00000000;00000;0000;00000000;00000;
3;17;015;08;10;16;40;0539;00000007;00667;3215;00000007;10000;0000;00000000;00000;0000;00000000;00000;0000;00000000;00000;0000;00000000;00000;0000;00000000;00000;0000;00000000;00000;0000;00000000;00000;0000;00000000;00000;0000;00000000;00000;0000;00000000;00000;0000;00000000;00000;0000;00000000;00000;0000;00000000;00000;0000;00000000;00000;0000;00000000;00000;0000;00000000;00000;0000;00000000;00000;0000;00000000;00000;0000;00000000;00000;0000;00000000;00000;0000;00000000;00000;
3;17;016;08;10;16;40;0566;00000042;04000;3284;00000007;01667;3285;00000007;01667;3286;00000007;01667;3287;00000007;01667;3288;00000007;01667;3289;00000007;01667;0000;00000000;00000;0000;00000000;00000;0000;00000000;00000;0000;00000000;00000;0000;00000000;00000;0000;00000000;00000;0000;00000000;00000;0000;00000000;00000;0000;00000000;00000;0000;00000000;00000;0000;00000000;00000;0000;00000000;00000;0000;00000000;00000;0000;00000000;00000;0000;00000000;00000;0000;00000000;00000;
3;17;016;08;10;16;40;0520;00000014;01333;3175;00000007;05000;3176;00000007;05000;0000;00000000;00000;0000;00000000;00000;0000;00000000;00000;0000;00000000;00000;0000;00000000;00000;0000;00000000;00000;0000;00000000;00000;0000;00000000;00000;0000;00000000;00000;0000;00000000;00000;0000;00000000;00000;0000;00000000;00000;0000;00000000;00000;0000;00000000;00000;0000;00000000;00000;0000;00000000;00000;0000;00000000;00000;0000;00000000;00000;0000;00000000;00000;0000;00000000;00000;
3;17;016;08;10;16;40;0038;00000007;00667;3026;00000007;10000;0000;00000000;00000;0000;00000000;00000;0000;00000000;00000;0000;00000000;00000;0000;00000000;00000;0000;00000000;00000;0000;00000000;00000;0000;00000000;00000;0000;00000000;00000;0000;00000000;00000;0000;00000000;00000;0000;00000000;00000;0000;00000000;00000;0000;00000000;00000;0000;00000000;00000;0000;00000000;00000;0000;00000000;00000;0000;00000000;00000;0000;00000000;00000;0000;00000000;00000;0000;00000000;00000;
3;17;016;08;10;16;40;0082;00000007;00667;3051;00000007;10000;0000;00000000;00000;0000;00000000;00000;0000;00000000;00000;0000;00000000;00000;0000;00000000;00000;0000;00000000;00000;0000;00000000;00000;0000;00000000;00000;0000;00000000;00000;0000;00000000;00000;0000;00000000;00000;0000;00000000;00000;0000;00000000;00000;0000;00000000;00000;0000;00000000;00000;0000;00000000;00000;0000;00000000;00000;0000;00000000;00000;0000;00000000;00000;0000;00000000;00000;0000;00000000;00000;
3;17;016;08;10;16;40;0203;00000007;00667;3103;00000007;10000;0000;00000000;00000;0000;00000000;00000;0000;00000000;00000;0000;00000000;00000;0000;00000000;00000;0000;00000000;00000;0000;00000000;00000;0000;00000000;00000;0000;00000000;00000;0000;00000000;00000;0000;00000000;00000;0000;00000000;00000;0000;00000000;00000;0000;00000000;00000;0000;00000000;00000;0000;00000000;00000;0000;00000000;00000;0000;00000000;00000;0000;00000000;00000;0000;00000000;00000;0000;00000000;00000;
3;17;016;08;10;16;40;0553;00000007;00667;3262;00000007;10000;0000;00000000;00000;0000;00000000;00000;0000;00000000;00000;0000;00000000;00000;0000;00000000;00000;0000;00000000;00000;0000;00000000;00000;0000;00000000;00000;0000;00000000;00000;0000;00000000;00000;0000;00000000;00000;0000;00000000;00000;0000;00000000;00000;0000;00000000;00000;0000;00000000;00000;0000;00000000;00000;0000;00000000;00000;0000;00000000;00000;0000;00000000;00000;0000;00000000;00000;0000;00000000;00000;
3;17;016;08;10;16;40;0503;00000007;00667;3157;00000007;10000;0000;00000000;00000;0000;00000000;00000;0000;00000000;00000;0000;00000000;00000;0000;00000000;00000;0000;00000000;00000;0000;00000000;00000;0000;00000000;00000;0000;00000000;00000;0000;00000000;00000;0000;00000000;00000;0000;00000000;00000;0000;00000000;00000;0000;00000000;00000;0000;00000000;00000;0000;00000000;00000;0000;00000000;00000;0000;00000000;00000;0000;00000000;00000;0000;00000000;00000;0000;00000000;00000;
3;17;016;08;10;16;40;0539;00000007;00667;3215;00000007;10000;0000;00000000;00000;0000;00000000;00000;0000;00000000;00000;0000;00000000;00000;0000;00000000;00000;0000;00000000;00000;0000;00000000;00000;0000;00000000;00000;0000;00000000;00000;0000;00000000;00000;0000;00000000;00000;0000;00000000;00000;0000;00000000;00000;0000;00000000;00000;0000;00000000;00000;0000;00000000;00000;0000;00000000;00000;0000;00000000;00000;0000;00000000;00000;0000;00000000;00000;0000;00000000;00000;
3;17;017;08;10;16;40;0566;00000042;04000;3284;00000007;01667;3285;00000007;01667;3286;00000007;01667;3287;00000007;01667;3288;00000007;01667;3289;00000007;01667;0000;00000000;00000;0000;00000000;00000;0000;00000000;00000;0000;00000000;00000;0000;00000000;00000;0000;00000000;00000;0000;00000000;00000;0000;00000000;00000;0000;00000000;00000;0000;00000000;00000;0000;00000000;00000;0000;00000000;00000;0000;00000000;00000;0000;00000000;00000;0000;00000000;00000;0000;00000000;00000;
3;17;017;08;10;16;40;0520;00000014;01333;3175;00000007;05000;3176;00000007;05000;0000;00000000;00000;0000;00000000;00000;0000;00000000;00000;0000;00000000;00000;0000;00000000;00000;0000;00000000;00000;0000;00000000;00000;0000;00000000;00000;0000;00000000;00000;0000;00000000;00000;0000;00000000;00000;0000;00000000;00000;0000;00000000;00000;0000;00000000;00000;0000;00000000;00000;0000;00000000;00000;0000;00000000;00000;0000;00000000;00000;0000;00000000;00000;0000;00000000;00000;
3;17;017;08;10;16;40;0038;00000007;00667;3026;00000007;10000;0000;00000000;00000;0000;00000000;00000;0000;00000000;00000;0000;00000000;00000;0000;00000000;00000;0000;00000000;00000;0000;00000000;00000;0000;00000000;00000;0000;00000000;00000;0000;00000000;00000;0000;00000000;00000;0000;00000000;00000;0000;00000000;00000;0000;00000000;00000;0000;00000000;00000;0000;00000000;00000;0000;00000000;00000;0000;00000000;00000;0000;00000000;00000;0000;00000000;00000;0000;00000000;00000;
3;17;017;08;10;16;40;0082;00000007;00667;3051;00000007;10000;0000;00000000;00000;0000;00000000;00000;0000;00000000;00000;0000;00000000;00000;0000;00000000;00000;0000;00000000;00000;0000;00000000;00000;0000;00000000;00000;0000;00000000;00000;0000;00000000;00000;0000;00000000;00000;0000;00000000;00000;0000;00000000;00000;0000;00000000;00000;0000;00000000;00000;0000;00000000;00000;0000;00000000;00000;0000;00000000;00000;0000;00000000;00000;0000;00000000;00000;0000;00000000;00000;
3;17;017;08;10;16;40;0203;00000007;00667;3103;00000007;10000;0000;00000000;00000;0000;00000000;00000;0000;00000000;00000;0000;00000000;00000;0000;00000000;00000;0000;00000000;00000;0000;00000000;00000;0000;00000000;00000;0000;00000000;00000;0000;00000000;00000;0000;00000000;00000;0000;00000000;00000;0000;00000000;00000;0000;00000000;00000;0000;00000000;00000;0000;00000000;00000;0000;00000000;00000;0000;00000000;00000;0000;00000000;00000;0000;00000000;00000;0000;00000000;00000;
3;17;017;08;10;16;40;0553;00000007;00667;3262;00000007;10000;0000;00000000;00000;0000;00000000;00000;0000;00000000;00000;0000;00000000;00000;0000;00000000;00000;0000;00000000;00000;0000;00000000;00000;0000;00000000;00000;0000;00000000;00000;0000;00000000;00000;0000;00000000;00000;0000;00000000;00000;0000;00000000;00000;0000;00000000;00000;0000;00000000;00000;0000;00000000;00000;0000;00000000;00000;0000;00000000;00000;0000;00000000;00000;0000;00000000;00000;0000;00000000;00000;
3;17;017;08;10;16;40;0503;00000007;00667;3157;00000007;10000;0000;00000000;00000;0000;00000000;00000;0000;00000000;00000;0000;00000000;00000;0000;00000000;00000;0000;00000000;00000;0000;00000000;00000;0000;00000000;00000;0000;00000000;00000;0000;00000000;00000;0000;00000000;00000;0000;00000000;00000;0000;00000000;00000;0000;00000000;00000;0000;00000000;00000;0000;00000000;00000;0000;00000000;00000;0000;00000000;00000;0000;00000000;00000;0000;00000000;00000;0000;00000000;00000;
3;17;017;08;10;16;40;0539;00000007;00667;3215;00000007;10000;0000;00000000;00000;0000;00000000;00000;0000;00000000;00000;0000;00000000;00000;0000;00000000;00000;0000;00000000;00000;0000;00000000;00000;0000;00000000;00000;0000;00000000;00000;0000;00000000;00000;0000;00000000;00000;0000;00000000;00000;0000;00000000;00000;0000;00000000;00000;0000;00000000;00000;0000;00000000;00000;0000;00000000;00000;0000;00000000;00000;0000;00000000;00000;0000;00000000;00000;0000;00000000;00000;
3;17;018;08;10;16;40;0566;00000060;04000;3284;00000010;01667;3285;00000010;01667;3286;00000010;01667;3287;00000010;01667;3288;00000010;01667;3289;00000010;01667;0000;00000000;00000;0000;00000000;00000;0000;00000000;00000;0000;00000000;00000;0000;00000000;00000;0000;00000000;00000;0000;00000000;00000;0000;00000000;00000;0000;00000000;00000;0000;00000000;00000;0000;00000000;00000;0000;00000000;00000;0000;00000000;00000;0000;00000000;00000;0000;00000000;00000;0000;00000000;00000;
3;17;018;08;10;16;40;0520;00000020;01333;3175;00000010;05000;3176;00000010;05000;0000;00000000;00000;0000;00000000;00000;0000;00000000;00000;0000;00000000;00000;0000;00000000;00000;0000;00000000;00000;0000;00000000;00000;0000;00000000;00000;0000;00000000;00000;0000;00000000;00000;0000;00000000;00000;0000;00000000;00000;0000;00000000;00000;0000;00000000;00000;0000;00000000;00000;0000;00000000;00000;0000;00000000;00000;0000;00000000;00000;0000;00000000;00000;0000;00000000;00000;
3;17;018;08;10;16;40;0038;00000010;00667;3026;00000010;10000;0000;00000000;00000;0000;00000000;00000;0000;00000000;00000;0000;00000000;00000;0000;00000000;00000;0000;00000000;00000;0000;00000000;00000;0000;00000000;00000;0000;00000000;00000;0000;00000000;00000;0000;00000000;00000;0000;00000000;00000;0000;00000000;00000;0000;00000000;00000;0000;00000000;00000;0000;00000000;00000;0000;00000000;00000;0000;00000000;00000;0000;00000000;00000;0000;00000000;00000;0000;00000000;00000;
3;17;018;08;10;16;40;0082;00000010;00667;3051;00000010;10000;0000;00000000;00000;0000;00000000;00000;0000;00000000;00000;0000;00000000;00000;0000;00000000;00000;0000;00000000;00000;0000;00000000;00000;0000;00000000;00000;0000;00000000;00000;0000;00000000;00000;0000;00000000;00000;0000;00000000;00000;0000;00000000;00000;0000;00000000;00000;0000;00000000;00000;0000;00000000;00000;0000;00000000;00000;0000;00000000;00000;0000;00000000;00000;0000;00000000;00000;0000;00000000;00000;
3;17;018;08;10;16;40;0203;00000010;00667;3103;00000010;10000;0000;00000000;00000;0000;00000000;00000;0000;00000000;00000;0000;00000000;00000;0000;00000000;00000;0000;00000000;00000;0000;00000000;00000;0000;00000000;00000;0000;00000000;00000;0000;00000000;00000;0000;00000000;00000;0000;00000000;00000;0000;00000000;00000;0000;00000000;00000;0000;00000000;00000;0000;00000000;00000;0000;00000000;00000;0000;00000000;00000;0000;00000000;00000;0000;00000000;00000;0000;00000000;00000;
3;17;018;08;10;16;40;0553;00000010;00667;3262;00000010;10000;0000;00000000;00000;0000;00000000;00000;0000;00000000;00000;0000;00000000;00000;0000;00000000;00000;0000;00000000;00000;0000;00000000;00000;0000;00000000;00000;0000;00000000;00000;0000;00000000;00000;0000;00000000;00000;0000;00000000;00000;0000;00000000;00000;0000;00000000;00000;0000;00000000;00000;0000;00000000;00000;0000;00000000;00000;0000;00000000;00000;0000;00000000;00000;0000;00000000;00000;0000;00000000;00000;
3;17;018;08;10;16;40;0503;00000010;00667;3157;00000010;10000;0000;00000000;00000;0000;00000000;00000;0000;00000000;00000;0000;00000000;00000;0000;00000000;00000;0000;00000000;00000;0000;00000000;00000;0000;00000000;00000;0000;00000000;00000;0000;00000000;00000;0000;00000000;00000;0000;00000000;00000;0000;00000000;00000;0000;00000000;00000;0000;00000000;00000;0000;00000000;00000;0000;00000000;00000;0000;00000000;00000;0000;00000000;00000;0000;00000000;00000;0000;00000000;00000;
3;17;018;08;10;16;40;0539;00000010;00667;3215;00000010;10000;0000;00000000;00000;0000;00000000;00000;0000;00000000;00000;0000;00000000;00000;0000;00000000;00000;0000;00000000;00000;0000;00000000;00000;0000;00000000;00000;0000;00000000;00000;0000;00000000;00000;0000;00000000;00000;0000;00000000;00000;0000;00000000;00000;0000;00000000;00000;0000;00000000;00000;0000;00000000;00000;0000;00000000;00000;0000;00000000;00000;0000;00000000;00000;0000;00000000;00000;0000;00000000;00000;
3;17;019;08;10;16;40;0566;00000012;04000;3284;00000002;01667;3285;00000002;01667;3286;00000002;01667;3287;00000002;01667;3288;00000002;01667;3289;00000002;01667;0000;00000000;00000;0000;00000000;00000;0000;00000000;00000;0000;00000000;00000;0000;00000000;00000;0000;00000000;00000;0000;00000000;00000;0000;00000000;00000;0000;00000000;00000;0000;00000000;00000;0000;00000000;00000;0000;00000000;00000;0000;00000000;00000;0000;00000000;00000;0000;00000000;00000;0000;00000000;00000;
3;17;019;08;10;16;40;0520;00000004;01333;3175;00000002;05000;3176;00000002;05000;0000;00000000;00000;0000;00000000;00000;0000;00000000;00000;0000;00000000;00000;0000;00000000;00000;0000;00000000;00000;0000;00000000;00000;0000;00000000;00000;0000;00000000;00000;0000;00000000;00000;0000;00000000;00000;0000;00000000;00000;0000;00000000;00000;0000;00000000;00000;0000;00000000;00000;0000;00000000;00000;0000;00000000;00000;0000;00000000;00000;0000;00000000;00000;0000;00000000;00000;
3;17;019;08;10;16;40;0038;00000002;00667;3026;00000002;10000;0000;00000000;00000;0000;00000000;00000;0000;00000000;00000;0000;00000000;00000;0000;00000000;00000;0000;00000000;00000;0000;00000000;00000;0000;00000000;00000;0000;00000000;00000;0000;00000000;00000;0000;00000000;00000;0000;00000000;00000;0000;00000000;00000;0000;00000000;00000;0000;00000000;00000;0000;00000000;00000;0000;00000000;00000;0000;00000000;00000;0000;00000000;00000;0000;00000000;00000;0000;00000000;00000;
3;17;019;08;10;16;40;0082;00000002;00667;3051;00000002;10000;0000;00000000;00000;0000;00000000;00000;0000;00000000;00000;0000;00000000;00000;0000;00000000;00000;0000;00000000;00000;0000;00000000;00000;0000;00000000;00000;0000;00000000;00000;0000;00000000;00000;0000;00000000;00000;0000;00000000;00000;0000;00000000;00000;0000;00000000;00000;0000;00000000;00000;0000;00000000;00000;0000;00000000;00000;0000;00000000;00000;0000;00000000;00000;0000;00000000;00000;0000;00000000;00000;
3;17;019;08;10;16;40;0203;00000002;00667;3103;00000002;10000;0000;00000000;00000;0000;00000000;00000;0000;00000000;00000;0000;00000000;00000;0000;00000000;00000;0000;00000000;00000;0000;00000000;00000;0000;00000000;00000;0000;00000000;00000;0000;00000000;00000;0000;00000000;00000;0000;00000000;00000;0000;00000000;00000;0000;00000000;00000;0000;00000000;00000;0000;00000000;00000;0000;00000000;00000;0000;00000000;00000;0000;00000000;00000;0000;00000000;00000;0000;00000000;00000;
3;17;019;08;10;16;40;0553;00000002;00667;3262;00000002;10000;0000;00000000;00000;0000;00000000;00000;0000;00000000;00000;0000;00000000;00000;0000;00000000;00000;0000;00000000;00000;0000;00000000;00000;0000;00000000;00000;0000;00000000;00000;0000;00000000;00000;0000;00000000;00000;0000;00000000;00000;0000;00000000;00000;0000;00000000;00000;0000;00000000;00000;0000;00000000;00000;0000;00000000;00000;0000;00000000;00000;0000;00000000;00000;0000;00000000;00000;0000;00000000;00000;
3;17;019;08;10;16;40;0503;00000002;00667;3157;00000002;10000;0000;00000000;00000;0000;00000000;00000;0000;00000000;00000;0000;00000000;00000;0000;00000000;00000;0000;00000000;00000;0000;00000000;00000;0000;00000000;00000;0000;00000000;00000;0000;00000000;00000;0000;00000000;00000;0000;00000000;00000;0000;00000000;00000;0000;00000000;00000;0000;00000000;00000;0000;00000000;00000;0000;00000000;00000;0000;00000000;00000;0000;00000000;00000;0000;00000000;00000;0000;00000000;00000;
3;17;019;08;10;16;40;0539;00000002;00667;3215;00000002;10000;0000;00000000;00000;0000;00000000;00000;0000;00000000;00000;0000;00000000;00000;0000;00000000;00000;0000;00000000;00000;0000;00000000;00000;0000;00000000;00000;0000;00000000;00000;0000;00000000;00000;0000;00000000;00000;0000;00000000;00000;0000;00000000;00000;0000;00000000;00000;0000;00000000;00000;0000;00000000;00000;0000;00000000;00000;0000;00000000;00000;0000;00000000;00000;0000;00000000;00000;0000;00000000;00000;
3;17;020;08;10;16;40;0566;00000012;04000;3284;00000002;01667;3285;00000002;01667;3286;00000002;01667;3287;00000002;01667;3288;00000002;01667;3289;00000002;01667;0000;00000000;00000;0000;00000000;00000;0000;00000000;00000;0000;00000000;00000;0000;00000000;00000;0000;00000000;00000;0000;00000000;00000;0000;00000000;00000;0000;00000000;00000;0000;00000000;00000;0000;00000000;00000;0000;00000000;00000;0000;00000000;00000;0000;00000000;00000;0000;00000000;00000;0000;00000000;00000;
3;17;020;08;10;16;40;0520;00000004;01333;3175;00000002;05000;3176;00000002;05000;0000;00000000;00000;0000;00000000;00000;0000;00000000;00000;0000;00000000;00000;0000;00000000;00000;0000;00000000;00000;0000;00000000;00000;0000;00000000;00000;0000;00000000;00000;0000;00000000;00000;0000;00000000;00000;0000;00000000;00000;0000;00000000;00000;0000;00000000;00000;0000;00000000;00000;0000;00000000;00000;0000;00000000;00000;0000;00000000;00000;0000;00000000;00000;0000;00000000;00000;
3;17;020;08;10;16;40;0038;00000002;00667;3026;00000002;10000;0000;00000000;00000;0000;00000000;00000;0000;00000000;00000;0000;00000000;00000;0000;00000000;00000;0000;00000000;00000;0000;00000000;00000;0000;00000000;00000;0000;00000000;00000;0000;00000000;00000;0000;00000000;00000;0000;00000000;00000;0000;00000000;00000;0000;00000000;00000;0000;00000000;00000;0000;00000000;00000;0000;00000000;00000;0000;00000000;00000;0000;00000000;00000;0000;00000000;00000;0000;00000000;00000;
3;17;020;08;10;16;40;0082;00000002;00667;3051;00000002;10000;0000;00000000;00000;0000;00000000;00000;0000;00000000;00000;0000;00000000;00000;0000;00000000;00000;0000;00000000;00000;0000;00000000;00000;0000;00000000;00000;0000;00000000;00000;0000;00000000;00000;0000;00000000;00000;0000;00000000;00000;0000;00000000;00000;0000;00000000;00000;0000;00000000;00000;0000;00000000;00000;0000;00000000;00000;0000;00000000;00000;0000;00000000;00000;0000;00000000;00000;0000;00000000;00000;
3;17;020;08;10;16;40;0203;00000002;00667;3103;00000002;10000;0000;00000000;00000;0000;00000000;00000;0000;00000000;00000;0000;00000000;00000;0000;00000000;00000;0000;00000000;00000;0000;00000000;00000;0000;00000000;00000;0000;00000000;00000;0000;00000000;00000;0000;00000000;00000;0000;00000000;00000;0000;00000000;00000;0000;00000000;00000;0000;00000000;00000;0000;00000000;00000;0000;00000000;00000;0000;00000000;00000;0000;00000000;00000;0000;00000000;00000;0000;00000000;00000;
3;17;020;08;10;16;40;0553;00000002;00667;3262;00000002;10000;0000;00000000;00000;0000;00000000;00000;0000;00000000;00000;0000;00000000;00000;0000;00000000;00000;0000;00000000;00000;0000;00000000;00000;0000;00000000;00000;0000;00000000;00000;0000;00000000;00000;0000;00000000;00000;0000;00000000;00000;0000;00000000;00000;0000;00000000;00000;0000;00000000;00000;0000;00000000;00000;0000;00000000;00000;0000;00000000;00000;0000;00000000;00000;0000;00000000;00000;0000;00000000;00000;
3;17;020;08;10;16;40;0503;00000002;00667;3157;00000002;10000;0000;00000000;00000;0000;00000000;00000;0000;00000000;00000;0000;00000000;00000;0000;00000000;00000;0000;00000000;00000;0000;00000000;00000;0000;00000000;00000;0000;00000000;00000;0000;00000000;00000;0000;00000000;00000;0000;00000000;00000;0000;00000000;00000;0000;00000000;00000;0000;00000000;00000;0000;00000000;00000;0000;00000000;00000;0000;00000000;00000;0000;00000000;00000;0000;00000000;00000;0000;00000000;00000;
3;17;020;08;10;16;40;0539;00000002;00667;3215;00000002;10000;0000;00000000;00000;0000;00000000;00000;0000;00000000;00000;0000;00000000;00000;0000;00000000;00000;0000;00000000;00000;0000;00000000;00000;0000;00000000;00000;0000;00000000;00000;0000;00000000;00000;0000;00000000;00000;0000;00000000;00000;0000;00000000;00000;0000;00000000;00000;0000;00000000;00000;0000;00000000;00000;0000;00000000;00000;0000;00000000;00000;0000;00000000;00000;0000;00000000;00000;0000;00000000;00000;
3;17;021;08;10;16;40;0566;00000018;04000;3284;00000003;01667;3285;00000003;01667;3286;00000003;01667;3287;00000003;01667;3288;00000003;01667;3289;00000003;01667;0000;00000000;00000;0000;00000000;00000;0000;00000000;00000;0000;00000000;00000;0000;00000000;00000;0000;00000000;00000;0000;00000000;00000;0000;00000000;00000;0000;00000000;00000;0000;00000000;00000;0000;00000000;00000;0000;00000000;00000;0000;00000000;00000;0000;00000000;00000;0000;00000000;00000;0000;00000000;00000;
3;17;021;08;10;16;40;0520;00000006;01333;3175;00000003;05000;3176;00000003;05000;0000;00000000;00000;0000;00000000;00000;0000;00000000;00000;0000;00000000;00000;0000;00000000;00000;0000;00000000;00000;0000;00000000;00000;0000;00000000;00000;0000;00000000;00000;0000;00000000;00000;0000;00000000;00000;0000;00000000;00000;0000;00000000;00000;0000;00000000;00000;0000;00000000;00000;0000;00000000;00000;0000;00000000;00000;0000;00000000;00000;0000;00000000;00000;0000;00000000;00000;
3;17;021;08;10;16;40;0038;00000003;00667;3026;00000003;10000;0000;00000000;00000;0000;00000000;00000;0000;00000000;00000;0000;00000000;00000;0000;00000000;00000;0000;00000000;00000;0000;00000000;00000;0000;00000000;00000;0000;00000000;00000;0000;00000000;00000;0000;00000000;00000;0000;00000000;00000;0000;00000000;00000;0000;00000000;00000;0000;00000000;00000;0000;00000000;00000;0000;00000000;00000;0000;00000000;00000;0000;00000000;00000;0000;00000000;00000;0000;00000000;00000;
3;17;021;08;10;16;40;0082;00000003;00667;3051;00000003;10000;0000;00000000;00000;0000;00000000;00000;0000;00000000;00000;0000;00000000;00000;0000;00000000;00000;0000;00000000;00000;0000;00000000;00000;0000;00000000;00000;0000;00000000;00000;0000;00000000;00000;0000;00000000;00000;0000;00000000;00000;0000;00000000;00000;0000;00000000;00000;0000;00000000;00000;0000;00000000;00000;0000;00000000;00000;0000;00000000;00000;0000;00000000;00000;0000;00000000;00000;0000;00000000;00000;
3;17;021;08;10;16;40;0203;00000003;00667;3103;00000003;10000;0000;00000000;00000;0000;00000000;00000;0000;00000000;00000;0000;00000000;00000;0000;00000000;00000;0000;00000000;00000;0000;00000000;00000;0000;00000000;00000;0000;00000000;00000;0000;00000000;00000;0000;00000000;00000;0000;00000000;00000;0000;00000000;00000;0000;00000000;00000;0000;00000000;00000;0000;00000000;00000;0000;00000000;00000;0000;00000000;00000;0000;00000000;00000;0000;00000000;00000;0000;00000000;00000;
3;17;021;08;10;16;40;0553;00000003;00667;3262;00000003;10000;0000;00000000;00000;0000;00000000;00000;0000;00000000;00000;0000;00000000;00000;0000;00000000;00000;0000;00000000;00000;0000;00000000;00000;0000;00000000;00000;0000;00000000;00000;0000;00000000;00000;0000;00000000;00000;0000;00000000;00000;0000;00000000;00000;0000;00000000;00000;0000;00000000;00000;0000;00000000;00000;0000;00000000;00000;0000;00000000;00000;0000;00000000;00000;0000;00000000;00000;0000;00000000;00000;
3;17;021;08;10;16;40;0503;00000003;00667;3157;00000003;10000;0000;00000000;00000;0000;00000000;00000;0000;00000000;00000;0000;00000000;00000;0000;00000000;00000;0000;00000000;00000;0000;00000000;00000;0000;00000000;00000;0000;00000000;00000;0000;00000000;00000;0000;00000000;00000;0000;00000000;00000;0000;00000000;00000;0000;00000000;00000;0000;00000000;00000;0000;00000000;00000;0000;00000000;00000;0000;00000000;00000;0000;00000000;00000;0000;00000000;00000;0000;00000000;00000;
3;17;021;08;10;16;40;0539;00000003;00667;3215;00000003;10000;0000;00000000;00000;0000;00000000;00000;0000;00000000;00000;0000;00000000;00000;0000;00000000;00000;0000;00000000;00000;0000;00000000;00000;0000;00000000;00000;0000;00000000;00000;0000;00000000;00000;0000;00000000;00000;0000;00000000;00000;0000;00000000;00000;0000;00000000;00000;0000;00000000;00000;0000;00000000;00000;0000;00000000;00000;0000;00000000;00000;0000;00000000;00000;0000;00000000;00000;0000;00000000;00000;
3;17;022;08;10;16;40;0038;00000000;00000;3026;00000000;00000;0000;00000000;00000;0000;00000000;00000;0000;00000000;00000;0000;00000000;00000;0000;00000000;00000;0000;00000000;00000;0000;00000000;00000;0000;00000000;00000;0000;00000000;00000;0000;00000000;00000;0000;00000000;00000;0000;00000000;00000;0000;00000000;00000;0000;00000000;00000;0000;00000000;00000;0000;00000000;00000;0000;00000000;00000;0000;00000000;00000;0000;00000000;00000;0000;00000000;00000;0000;00000000;00000;
3;17;022;08;10;16;40;0082;00000000;00000;3051;00000000;00000;0000;00000000;00000;0000;00000000;00000;0000;00000000;00000;0000;00000000;00000;0000;00000000;00000;0000;00000000;00000;0000;00000000;00000;0000;00000000;00000;0000;00000000;00000;0000;00000000;00000;0000;00000000;00000;0000;00000000;00000;0000;00000000;00000;0000;00000000;00000;0000;00000000;00000;0000;00000000;00000;0000;00000000;00000;0000;00000000;00000;0000;00000000;00000;0000;00000000;00000;0000;00000000;00000;
3;17;022;08;10;16;40;0203;00000000;00000;3103;00000000;00000;0000;00000000;00000;0000;00000000;00000;0000;00000000;00000;0000;00000000;00000;0000;00000000;00000;0000;00000000;00000;0000;00000000;00000;0000;00000000;00000;0000;00000000;00000;0000;00000000;00000;0000;00000000;00000;0000;00000000;00000;0000;00000000;00000;0000;00000000;00000;0000;00000000;00000;0000;00000000;00000;0000;00000000;00000;0000;00000000;00000;0000;00000000;00000;0000;00000000;00000;0000;00000000;00000;
3;17;022;08;10;16;40;0553;00000000;00000;3262;00000000;00000;0000;00000000;00000;0000;00000000;00000;0000;00000000;00000;0000;00000000;00000;0000;00000000;00000;0000;00000000;00000;0000;00000000;00000;0000;00000000;00000;0000;00000000;00000;0000;00000000;00000;0000;00000000;00000;0000;00000000;00000;0000;00000000;00000;0000;00000000;00000;0000;00000000;00000;0000;00000000;00000;0000;00000000;00000;0000;00000000;00000;0000;00000000;00000;0000;00000000;00000;0000;00000000;00000;
3;17;022;08;10;16;40;0566;00000000;00000;3284;00000000;00000;3285;00000000;00000;3286;00000000;00000;3287;00000000;00000;3288;00000000;00000;3289;00000000;00000;0000;00000000;00000;0000;00000000;00000;0000;00000000;00000;0000;00000000;00000;0000;00000000;00000;0000;00000000;00000;0000;00000000;00000;0000;00000000;00000;0000;00000000;00000;0000;00000000;00000;0000;00000000;00000;0000;00000000;00000;0000;00000000;00000;0000;00000000;00000;0000;00000000;00000;0000;00000000;00000;
3;17;022;08;10;16;40;0520;00000000;00000;3175;00000000;00000;3176;00000000;00000;0000;00000000;00000;0000;00000000;00000;0000;00000000;00000;0000;00000000;00000;0000;00000000;00000;0000;00000000;00000;0000;00000000;00000;0000;00000000;00000;0000;00000000;00000;0000;00000000;00000;0000;00000000;00000;0000;00000000;00000;0000;00000000;00000;0000;00000000;00000;0000;00000000;00000;0000;00000000;00000;0000;00000000;00000;0000;00000000;00000;0000;00000000;00000;0000;00000000;00000;
3;17;022;08;10;16;40;0503;00000000;00000;3157;00000000;00000;0000;00000000;00000;0000;00000000;00000;0000;00000000;00000;0000;00000000;00000;0000;00000000;00000;0000;00000000;00000;0000;00000000;00000;0000;00000000;00000;0000;00000000;00000;0000;00000000;00000;0000;00000000;00000;0000;00000000;00000;0000;00000000;00000;0000;00000000;00000;0000;00000000;00000;0000;00000000;00000;0000;00000000;00000;0000;00000000;00000;0000;00000000;00000;0000;00000000;00000;0000;00000000;00000;
3;17;022;08;10;16;40;0539;00000000;00000;3215;00000000;00000;0000;00000000;00000;0000;00000000;00000;0000;00000000;00000;0000;00000000;00000;0000;00000000;00000;0000;00000000;00000;0000;00000000;00000;0000;00000000;00000;0000;00000000;00000;0000;00000000;00000;0000;00000000;00000;0000;00000000;00000;0000;00000000;00000;0000;00000000;00000;0000;00000000;00000;0000;00000000;00000;0000;00000000;00000;0000;00000000;00000;0000;00000000;00000;0000;00000000;00000;0000;00000000;00000;
3;17;023;08;10;16;40;0566;00000012;04000;3284;00000002;01667;3285;00000002;01667;3286;00000002;01667;3287;00000002;01667;3288;00000002;01667;3289;00000002;01667;0000;00000000;00000;0000;00000000;00000;0000;00000000;00000;0000;00000000;00000;0000;00000000;00000;0000;00000000;00000;0000;00000000;00000;0000;00000000;00000;0000;00000000;00000;0000;00000000;00000;0000;00000000;00000;0000;00000000;00000;0000;00000000;00000;0000;00000000;00000;0000;00000000;00000;0000;00000000;00000;
3;17;023;08;10;16;40;0520;00000004;01333;3175;00000002;05000;3176;00000002;05000;0000;00000000;00000;0000;00000000;00000;0000;00000000;00000;0000;00000000;00000;0000;00000000;00000;0000;00000000;00000;0000;00000000;00000;0000;00000000;00000;0000;00000000;00000;0000;00000000;00000;0000;00000000;00000;0000;00000000;00000;0000;00000000;00000;0000;00000000;00000;0000;00000000;00000;0000;00000000;00000;0000;00000000;00000;0000;00000000;00000;0000;00000000;00000;0000;00000000;00000;
3;17;023;08;10;16;40;0038;00000002;00667;3026;00000002;10000;0000;00000000;00000;0000;00000000;00000;0000;00000000;00000;0000;00000000;00000;0000;00000000;00000;0000;00000000;00000;0000;00000000;00000;0000;00000000;00000;0000;00000000;00000;0000;00000000;00000;0000;00000000;00000;0000;00000000;00000;0000;00000000;00000;0000;00000000;00000;0000;00000000;00000;0000;00000000;00000;0000;00000000;00000;0000;00000000;00000;0000;00000000;00000;0000;00000000;00000;0000;00000000;00000;
3;17;023;08;10;16;40;0082;00000002;00667;3051;00000002;10000;0000;00000000;00000;0000;00000000;00000;0000;00000000;00000;0000;00000000;00000;0000;00000000;00000;0000;00000000;00000;0000;00000000;00000;0000;00000000;00000;0000;00000000;00000;0000;00000000;00000;0000;00000000;00000;0000;00000000;00000;0000;00000000;00000;0000;00000000;00000;0000;00000000;00000;0000;00000000;00000;0000;00000000;00000;0000;00000000;00000;0000;00000000;00000;0000;00000000;00000;0000;00000000;00000;
3;17;023;08;10;16;40;0203;00000002;00667;3103;00000002;10000;0000;00000000;00000;0000;00000000;00000;0000;00000000;00000;0000;00000000;00000;0000;00000000;00000;0000;00000000;00000;0000;00000000;00000;0000;00000000;00000;0000;00000000;00000;0000;00000000;00000;0000;00000000;00000;0000;00000000;00000;0000;00000000;00000;0000;00000000;00000;0000;00000000;00000;0000;00000000;00000;0000;00000000;00000;0000;00000000;00000;0000;00000000;00000;0000;00000000;00000;0000;00000000;00000;
3;17;023;08;10;16;40;0553;00000002;00667;3262;00000002;10000;0000;00000000;00000;0000;00000000;00000;0000;00000000;00000;0000;00000000;00000;0000;00000000;00000;0000;00000000;00000;0000;00000000;00000;0000;00000000;00000;0000;00000000;00000;0000;00000000;00000;0000;00000000;00000;0000;00000000;00000;0000;00000000;00000;0000;00000000;00000;0000;00000000;00000;0000;00000000;00000;0000;00000000;00000;0000;00000000;00000;0000;00000000;00000;0000;00000000;00000;0000;00000000;00000;
3;17;023;08;10;16;40;0503;00000002;00667;3157;00000002;10000;0000;00000000;00000;0000;00000000;00000;0000;00000000;00000;0000;00000000;00000;0000;00000000;00000;0000;00000000;00000;0000;00000000;00000;0000;00000000;00000;0000;00000000;00000;0000;00000000;00000;0000;00000000;00000;0000;00000000;00000;0000;00000000;00000;0000;00000000;00000;0000;00000000;00000;0000;00000000;00000;0000;00000000;00000;0000;00000000;00000;0000;00000000;00000;0000;00000000;00000;0000;00000000;00000;
3;17;023;08;10;16;40;0539;00000002;00667;3215;00000002;10000;0000;00000000;00000;0000;00000000;00000;0000;00000000;00000;0000;00000000;00000;0000;00000000;00000;0000;00000000;00000;0000;00000000;00000;0000;00000000;00000;0000;00000000;00000;0000;00000000;00000;0000;00000000;00000;0000;00000000;00000;0000;00000000;00000;0000;00000000;00000;0000;00000000;00000;0000;00000000;00000;0000;00000000;00000;0000;00000000;00000;0000;00000000;00000;0000;00000000;00000;0000;00000000;00000;
3;17;999;08;10;16;40;0566;00000642;04000;3284;00000107;01667;3285;00000107;01667;3286;00000107;01667;3287;00000107;01667;3288;00000107;01667;3289;00000107;01667;0000;00000000;00000;0000;00000000;00000;0000;00000000;00000;0000;00000000;00000;0000;00000000;00000;0000;00000000;00000;0000;00000000;00000;0000;00000000;00000;0000;00000000;00000;0000;00000000;00000;0000;00000000;00000;0000;00000000;00000;0000;00000000;00000;0000;00000000;00000;0000;00000000;00000;0000;00000000;00000;
3;17;999;08;10;16;40;0520;00000214;01333;3175;00000107;05000;3176;00000107;05000;0000;00000000;00000;0000;00000000;00000;0000;00000000;00000;0000;00000000;00000;0000;00000000;00000;0000;00000000;00000;0000;00000000;00000;0000;00000000;00000;0000;00000000;00000;0000;00000000;00000;0000;00000000;00000;0000;00000000;00000;0000;00000000;00000;0000;00000000;00000;0000;00000000;00000;0000;00000000;00000;0000;00000000;00000;0000;00000000;00000;0000;00000000;00000;0000;00000000;00000;
3;17;999;08;10;16;40;0038;00000107;00667;3026;00000107;10000;0000;00000000;00000;0000;00000000;00000;0000;00000000;00000;0000;00000000;00000;0000;00000000;00000;0000;00000000;00000;0000;00000000;00000;0000;00000000;00000;0000;00000000;00000;0000;00000000;00000;0000;00000000;00000;0000;00000000;00000;0000;00000000;00000;0000;00000000;00000;0000;00000000;00000;0000;00000000;00000;0000;00000000;00000;0000;00000000;00000;0000;00000000;00000;0000;00000000;00000;0000;00000000;00000;
3;17;999;08;10;16;40;0082;00000107;00667;3051;00000107;10000;0000;00000000;00000;0000;00000000;00000;0000;00000000;00000;0000;00000000;00000;0000;00000000;00000;0000;00000000;00000;0000;00000000;00000;0000;00000000;00000;0000;00000000;00000;0000;00000000;00000;0000;00000000;00000;0000;00000000;00000;0000;00000000;00000;0000;00000000;00000;0000;00000000;00000;0000;00000000;00000;0000;00000000;00000;0000;00000000;00000;0000;00000000;00000;0000;00000000;00000;0000;00000000;00000;
3;17;999;08;10;16;40;0203;00000107;00667;3103;00000107;10000;0000;00000000;00000;0000;00000000;00000;0000;00000000;00000;0000;00000000;00000;0000;00000000;00000;0000;00000000;00000;0000;00000000;00000;0000;00000000;00000;0000;00000000;00000;0000;00000000;00000;0000;00000000;00000;0000;00000000;00000;0000;00000000;00000;0000;00000000;00000;0000;00000000;00000;0000;00000000;00000;0000;00000000;00000;0000;00000000;00000;0000;00000000;00000;0000;00000000;00000;0000;00000000;00000;
3;17;999;08;10;16;40;0553;00000107;00667;3262;00000107;10000;0000;00000000;00000;0000;00000000;00000;0000;00000000;00000;0000;00000000;00000;0000;00000000;00000;0000;00000000;00000;0000;00000000;00000;0000;00000000;00000;0000;00000000;00000;0000;00000000;00000;0000;00000000;00000;0000;00000000;00000;0000;00000000;00000;0000;00000000;00000;0000;00000000;00000;0000;00000000;00000;0000;00000000;00000;0000;00000000;00000;0000;00000000;00000;0000;00000000;00000;0000;00000000;00000;
3;17;999;08;10;16;40;0503;00000107;00667;3157;00000107;10000;0000;00000000;00000;0000;00000000;00000;0000;00000000;00000;0000;00000000;00000;0000;00000000;00000;0000;00000000;00000;0000;00000000;00000;0000;00000000;00000;0000;00000000;00000;0000;00000000;00000;0000;00000000;00000;0000;00000000;00000;0000;00000000;00000;0000;00000000;00000;0000;00000000;00000;0000;00000000;00000;0000;00000000;00000;0000;00000000;00000;0000;00000000;00000;0000;00000000;00000;0000;00000000;00000;
3;17;999;08;10;16;40;0539;00000107;00667;3215;00000107;10000;0000;00000000;00000;0000;00000000;00000;0000;00000000;00000;0000;00000000;00000;0000;00000000;00000;0000;00000000;00000;0000;00000000;00000;0000;00000000;00000;0000;00000000;00000;0000;00000000;00000;0000;00000000;00000;0000;00000000;00000;0000;00000000;00000;0000;00000000;00000;0000;00000000;00000;0000;00000000;00000;0000;00000000;00000;0000;00000000;00000;0000;00000000;00000;0000;00000000;00000;0000;00000000;00000;
